date,player,session_type,opposition_code,opposition_full,season,distance,distance_over_21,distance_over_24,distance_over_27,accel_decel_over_2_5,accel_decel_over_3_5,accel_decel_over_4_5,day_duration,peak_speed,hr_zone_1_hms,hr_zone_2_hms,hr_zone_3_hms,hr_zone_4_hms,hr_zone_5_hms
2024-08-02,Kepa Arrizabalaga,Training,TRN,TRAIN,2024-25,4739,1780,741,386,25,10,9,67,27.97,6,10,16,12,7
2024-08-02,Édouard Mendy,Training,TRN,TRAIN,2024-25,6131,1246,1658,776,27,18,6,70,25.3,9,11,21,13,5
2024-08-02,Reece James,Training,TRN,TRAIN,2024-25,5410,2086,1157,675,25,16,12,80,28.68,9,20,18,12,3
2024-08-02,Ben Chilwell,Training,TRN,TRAIN,2024-25,6332,1496,1765,518,25,16,14,69,26.16,6,14,20,14,10
2024-08-02,César Azpilicueta,Training,TRN,TRAIN,2024-25,5581,1794,1097,291,39,24,8,78,28.29,10,14,17,15,7
2024-08-02,Andreas Christensen,Training,TRN,TRAIN,2024-25,4471,1448,1268,653,22,13,5,75,29.21,9,11,21,8,5
2024-08-02,Marcos Alonso,Training,TRN,TRAIN,2024-25,6038,1912,999,764,28,24,13,78,28.52,8,18,20,9,4
2024-08-02,N'Golo Kanté,Training,TRN,TRAIN,2024-25,4168,1372,600,361,29,22,12,67,27.33,10,16,15,9,8
2024-08-02,Jorginho,Training,TRN,TRAIN,2024-25,6514,2452,1005,517,28,25,14,65,27.84,5,16,23,11,6
2024-08-02,Mason Mount,Training,TRN,TRAIN,2024-25,6281,2322,1709,783,20,14,15,82,29.8,5,17,16,7,7
2024-08-02,Kai Havertz,Training,TRN,TRAIN,2024-25,6430,2236,1831,462,27,21,13,69,28.15,5,14,17,6,7
2024-08-02,Christian Pulisic,Training,TRN,TRAIN,2024-25,4125,1332,439,309,38,15,9,63,26.4,9,18,21,10,8
2024-08-02,Mateo Kovačić,Training,TRN,TRAIN,2024-25,4468,1285,826,224,28,14,7,84,26.9,10,10,17,12,5
2024-08-02,Conor Gallagher,Training,TRN,TRAIN,2024-25,6203,2299,861,538,33,19,15,70,28.08,9,17,24,14,5
2024-08-02,Timo Werner,Training,TRN,TRAIN,2024-25,5944,2093,704,662,23,10,10,83,27.38,8,12,16,15,8
2024-08-02,Olivier Giroud,Training,TRN,TRAIN,2024-25,5583,1145,709,797,25,16,7,72,26.77,6,17,16,13,8
2024-08-02,Tammy Abraham,Training,TRN,TRAIN,2024-25,7765,2307,1369,963,24,12,13,74,28.46,7,20,17,12,4
2024-08-02,Armando Broja,Training,TRN,TRAIN,2024-25,4867,1280,1056,698,34,21,6,77,28.67,9,15,21,12,4
2024-08-02,Ross Barkley,Training,TRN,TRAIN,2024-25,6306,1377,1362,713,34,19,7,68,27.04,6,15,19,13,10
2024-08-02,Callum Hudson-Odoi,Training,TRN,TRAIN,2024-25,7168,2041,1389,570,39,14,6,72,25.26,6,10,21,14,8
2024-08-02,Emerson Palmieri,Training,TRN,TRAIN,2024-25,4966,1355,964,354,38,16,12,63,25.24,6,18,21,15,10
2024-08-02,Ricardo Pereira,Training,TRN,TRAIN,2024-25,7799,1783,1502,563,27,13,14,85,27.24,5,16,23,11,6
2024-08-02,João Félix,Training,TRN,TRAIN,2024-25,6583,1711,680,631,32,22,5,60,25.57,6,12,17,7,10
2024-08-02,Hakim Ziyech,Training,TRN,TRAIN,2024-25,7233,1525,1981,951,20,14,10,67,28.65,7,16,25,14,10
2024-08-03,Kepa Arrizabalaga,Match,LIV,Liverpool,2024-25,10003,3928,1787,1407,32,23,14,93,33.41,5,13,18,9,10
2024-08-03,Édouard Mendy,Match,LIV,Liverpool,2024-25,10353,3390,1057,883,20,22,12,94,33.29,10,20,24,10,8
2024-08-03,Reece James,Match,LIV,Liverpool,2024-25,11585,4608,2504,1113,38,12,14,94,30.29,6,15,17,11,5
2024-08-03,Ben Chilwell,Match,LIV,Liverpool,2024-25,11502,2374,1245,1563,34,16,12,91,30.23,10,14,25,5,4
2024-08-03,César Azpilicueta,Match,LIV,Liverpool,2024-25,10917,2275,3053,1004,27,12,7,94,30.99,9,16,20,13,9
2024-08-03,Andreas Christensen,Match,LIV,Liverpool,2024-25,11625,2332,3354,1730,38,12,5,93,33.84,5,17,17,15,5
2024-08-03,Marcos Alonso,Match,LIV,Liverpool,2024-25,11513,2694,1968,1126,31,19,11,95,31.48,8,11,18,13,8
2024-08-03,N'Golo Kanté,Match,LIV,Liverpool,2024-25,11442,2862,1902,1142,22,24,13,92,31.82,7,18,22,12,2
2024-08-03,Jorginho,Match,LIV,Liverpool,2024-25,10967,2547,1755,824,24,18,8,90,31.5,6,16,22,15,6
2024-08-03,Mason Mount,Match,LIV,Liverpool,2024-25,10073,3451,1234,508,21,19,9,92,32.81,6,20,16,15,5
2024-08-03,Kai Havertz,Match,LIV,Liverpool,2024-25,10632,3644,2441,1441,32,20,10,92,32.01,7,20,15,6,6
2024-08-03,Christian Pulisic,Match,LIV,Liverpool,2024-25,10641,2828,2731,635,29,25,13,90,33.42,5,10,20,14,5
2024-08-03,Mateo Kovačić,Match,LIV,Liverpool,2024-25,11163,3376,3142,869,32,10,7,93,33.19,10,11,22,10,4
2024-08-03,Conor Gallagher,Match,LIV,Liverpool,2024-25,11799,2557,2544,1653,21,23,15,93,33.05,10,15,18,13,5
2024-08-03,Timo Werner,Match,LIV,Liverpool,2024-25,11248,2348,2330,1258,26,11,5,90,33.09,9,16,21,7,9
2024-08-03,Olivier Giroud,Match,LIV,Liverpool,2024-25,11191,2386,2526,1273,35,12,11,91,30.41,9,17,15,15,9
2024-08-03,Tammy Abraham,Match,LIV,Liverpool,2024-25,10900,3245,3050,878,23,19,15,94,34.87,10,17,19,7,9
2024-08-03,Armando Broja,Match,LIV,Liverpool,2024-25,11471,3033,2242,1093,26,24,5,92,34.6,8,16,22,5,6
2024-08-03,Ross Barkley,Match,LIV,Liverpool,2024-25,11781,4183,3313,1606,28,11,7,92,32.49,10,17,21,10,5
2024-08-03,Callum Hudson-Odoi,Match,LIV,Liverpool,2024-25,11920,2499,3135,1281,36,21,12,92,32.73,7,10,16,13,5
2024-08-03,Emerson Palmieri,Match,LIV,Liverpool,2024-25,10371,2304,1893,733,31,19,10,92,34.3,9,11,23,15,5
2024-08-03,Ricardo Pereira,Match,LIV,Liverpool,2024-25,11855,3671,1209,1469,36,23,11,93,31.66,10,12,25,7,4
2024-08-03,João Félix,Match,LIV,Liverpool,2024-25,10648,4181,1495,1207,39,19,10,92,32.54,8,20,21,10,4
2024-08-03,Hakim Ziyech,Match,LIV,Liverpool,2024-25,10462,2722,2543,1471,21,13,12,90,31.82,7,19,22,9,9
2024-08-04,Kepa Arrizabalaga,Match,ARS,Arsenal,2024-25,10143,3151,1833,714,34,13,12,90,33.01,5,19,15,11,5
2024-08-04,Édouard Mendy,Match,ARS,Arsenal,2024-25,10525,2500,2761,1066,38,11,15,94,32.51,10,13,15,12,7
2024-08-04,Reece James,Match,ARS,Arsenal,2024-25,10212,4078,2779,953,32,22,7,90,33.73,6,12,25,11,10
2024-08-04,Ben Chilwell,Match,ARS,Arsenal,2024-25,10766,2400,2847,713,34,23,11,94,33.72,9,16,19,13,7
2024-08-04,César Azpilicueta,Match,ARS,Arsenal,2024-25,11485,4401,1688,1373,21,11,13,95,33.39,9,19,20,8,8
2024-08-04,Andreas Christensen,Match,ARS,Arsenal,2024-25,10532,2598,2923,1065,21,12,9,91,33.78,7,14,22,10,4
2024-08-04,Marcos Alonso,Match,ARS,Arsenal,2024-25,11794,2920,1650,922,22,13,9,95,32.28,5,15,18,15,6
2024-08-04,N'Golo Kanté,Match,ARS,Arsenal,2024-25,11387,3957,2268,1113,31,16,15,92,33.28,6,11,15,6,9
2024-08-04,Jorginho,Match,ARS,Arsenal,2024-25,11982,3006,2456,976,26,16,9,92,31.54,5,12,19,12,5
2024-08-04,Mason Mount,Match,ARS,Arsenal,2024-25,11318,4066,3382,1644,36,23,7,92,33.79,8,11,19,11,4
2024-08-04,Kai Havertz,Match,ARS,Arsenal,2024-25,11316,4474,2242,786,30,23,10,94,32.47,10,20,23,14,6
2024-08-04,Christian Pulisic,Match,ARS,Arsenal,2024-25,11643,3355,2218,1336,38,18,14,95,34.99,6,17,24,12,8
2024-08-04,Mateo Kovačić,Match,ARS,Arsenal,2024-25,10993,4026,3185,704,28,24,12,93,32.84,6,13,21,9,8
2024-08-04,Conor Gallagher,Match,ARS,Arsenal,2024-25,11839,3045,2914,1131,37,14,10,92,30.71,9,14,19,9,4
2024-08-04,Timo Werner,Match,ARS,Arsenal,2024-25,10402,3867,2912,841,24,15,10,94,33.51,9,13,16,7,7
2024-08-04,Olivier Giroud,Match,ARS,Arsenal,2024-25,10536,2954,2427,777,35,22,15,91,30.75,8,20,24,9,8
2024-08-04,Tammy Abraham,Match,ARS,Arsenal,2024-25,10687,3379,2411,710,34,20,12,91,31.83,8,15,22,10,4
2024-08-04,Armando Broja,Match,ARS,Arsenal,2024-25,11668,4575,2274,1139,39,17,6,91,30.12,5,10,20,7,6
2024-08-04,Ross Barkley,Match,ARS,Arsenal,2024-25,10792,4216,1720,629,38,25,14,92,33.97,9,10,20,10,8
2024-08-04,Callum Hudson-Odoi,Match,ARS,Arsenal,2024-25,10817,2649,1543,932,27,18,6,93,30.9,6,14,18,9,3
2024-08-04,Emerson Palmieri,Match,ARS,Arsenal,2024-25,11354,2466,2400,653,24,19,14,94,32.95,9,15,18,10,9
2024-08-04,Ricardo Pereira,Match,ARS,Arsenal,2024-25,10258,3357,2162,1300,25,13,14,92,30.73,10,12,15,10,4
2024-08-04,João Félix,Match,ARS,Arsenal,2024-25,10459,4081,2305,630,20,18,8,95,31.64,10,17,18,7,10
2024-08-04,Hakim Ziyech,Match,ARS,Arsenal,2024-25,10344,2709,3010,1546,20,15,8,91,33.0,10,12,24,13,6
2024-08-05,Kepa Arrizabalaga,Training,TRN,TRAIN,2024-25,7889,2468,963,414,23,15,7,78,25.69,5,15,16,8,8
2024-08-05,Édouard Mendy,Training,TRN,TRAIN,2024-25,7249,1878,1386,589,35,11,9,68,29.72,9,20,18,5,10
2024-08-05,Reece James,Training,TRN,TRAIN,2024-25,5011,1324,638,412,24,14,13,77,27.34,10,13,20,8,6
2024-08-05,Ben Chilwell,Training,TRN,TRAIN,2024-25,4779,1415,1399,666,35,17,9,74,29.21,9,11,20,13,4
2024-08-05,César Azpilicueta,Training,TRN,TRAIN,2024-25,6325,1591,1347,505,36,16,7,72,28.71,8,11,20,10,9
2024-08-05,Andreas Christensen,Training,TRN,TRAIN,2024-25,5751,2165,730,410,22,10,14,84,29.12,9,10,23,12,4
2024-08-05,Marcos Alonso,Training,TRN,TRAIN,2024-25,6604,1461,1525,686,26,20,10,74,29.8,5,18,18,6,8
2024-08-05,N'Golo Kanté,Training,TRN,TRAIN,2024-25,6812,2079,1025,364,33,13,6,78,28.69,7,14,17,12,2
2024-08-05,Jorginho,Training,TRN,TRAIN,2024-25,4978,1657,1458,550,21,15,11,66,28.92,6,17,24,5,5
2024-08-05,Mason Mount,Training,TRN,TRAIN,2024-25,6392,1522,1536,852,34,21,9,63,28.9,10,12,15,14,4
2024-08-05,Kai Havertz,Training,TRN,TRAIN,2024-25,7385,2370,878,1079,20,14,9,76,27.1,6,15,21,6,4
2024-08-05,Christian Pulisic,Training,TRN,TRAIN,2024-25,6494,2098,1060,566,24,13,7,70,25.09,9,12,20,10,2
2024-08-05,Mateo Kovačić,Training,TRN,TRAIN,2024-25,4789,1419,988,627,23,17,13,64,27.93,5,19,18,7,7
2024-08-05,Conor Gallagher,Training,TRN,TRAIN,2024-25,6893,2122,1276,694,38,11,14,78,25.92,10,16,16,6,6
2024-08-05,Timo Werner,Training,TRN,TRAIN,2024-25,5674,1567,1637,713,29,10,12,85,26.22,6,13,22,12,9
2024-08-05,Olivier Giroud,Training,TRN,TRAIN,2024-25,6209,2015,1631,443,40,16,8,85,26.32,10,13,25,10,5
2024-08-05,Tammy Abraham,Training,TRN,TRAIN,2024-25,5556,1331,1326,484,29,24,10,81,27.34,5,20,24,10,2
2024-08-05,Armando Broja,Training,TRN,TRAIN,2024-25,7557,1540,1344,774,32,22,7,72,26.06,5,10,25,12,4
2024-08-05,Ross Barkley,Training,TRN,TRAIN,2024-25,4716,1225,1356,249,34,22,11,80,28.37,5,19,24,7,10
2024-08-05,Callum Hudson-Odoi,Training,TRN,TRAIN,2024-25,6459,1399,1484,721,40,21,9,80,28.45,7,16,22,7,10
2024-08-05,Emerson Palmieri,Training,TRN,TRAIN,2024-25,7758,2755,800,712,35,25,6,76,27.16,6,12,23,8,10
2024-08-05,Ricardo Pereira,Training,TRN,TRAIN,2024-25,4458,1681,573,591,35,16,10,64,28.49,6,14,24,9,6
2024-08-05,João Félix,Training,TRN,TRAIN,2024-25,5884,1345,1377,487,40,20,14,83,25.51,7,18,17,9,6
2024-08-05,Hakim Ziyech,Training,TRN,TRAIN,2024-25,4638,1845,982,688,29,22,14,64,29.66,8,19,25,8,8
2024-08-07,Kepa Arrizabalaga,Training,TRN,TRAIN,2024-25,7136,1837,1729,553,37,16,11,77,28.26,6,17,18,10,7
2024-08-07,Édouard Mendy,Training,TRN,TRAIN,2024-25,5596,1915,1236,281,23,13,11,63,26.15,5,16,18,7,3
2024-08-07,Reece James,Training,TRN,TRAIN,2024-25,7490,1941,1337,921,26,14,15,72,28.43,5,19,18,10,9
2024-08-07,Ben Chilwell,Training,TRN,TRAIN,2024-25,6959,2724,708,472,34,10,15,62,25.13,10,14,24,12,2
2024-08-07,César Azpilicueta,Training,TRN,TRAIN,2024-25,4750,1394,1328,473,37,18,6,68,27.06,7,12,22,10,9
2024-08-07,Andreas Christensen,Training,TRN,TRAIN,2024-25,5365,1601,705,610,38,11,14,85,27.3,9,13,15,10,6
2024-08-07,Marcos Alonso,Training,TRN,TRAIN,2024-25,4126,1066,448,255,28,24,15,61,29.71,10,20,18,14,3
2024-08-07,N'Golo Kanté,Training,TRN,TRAIN,2024-25,4634,1594,1368,253,23,16,10,81,25.64,8,19,16,8,8
2024-08-07,Jorginho,Training,TRN,TRAIN,2024-25,4299,1177,1000,524,31,12,5,84,28.83,7,17,19,5,4
2024-08-07,Mason Mount,Training,TRN,TRAIN,2024-25,5591,2197,773,499,33,18,10,70,28.6,5,19,19,14,2
2024-08-07,Kai Havertz,Training,TRN,TRAIN,2024-25,7932,1908,1919,953,33,24,9,67,29.39,6,19,15,5,6
2024-08-07,Christian Pulisic,Training,TRN,TRAIN,2024-25,5810,1924,1118,696,23,25,10,67,27.06,8,14,16,8,3
2024-08-07,Mateo Kovačić,Training,TRN,TRAIN,2024-25,7972,2502,1197,926,23,25,7,80,28.61,5,19,19,9,10
2024-08-07,Conor Gallagher,Training,TRN,TRAIN,2024-25,5523,1554,657,556,22,15,5,83,25.44,6,19,15,15,9
2024-08-07,Timo Werner,Training,TRN,TRAIN,2024-25,7680,1928,1696,617,22,12,13,62,27.61,6,16,19,10,9
2024-08-07,Olivier Giroud,Training,TRN,TRAIN,2024-25,7763,2240,1549,1021,39,13,8,76,29.25,5,15,20,12,2
2024-08-07,Tammy Abraham,Training,TRN,TRAIN,2024-25,7351,1760,1915,428,26,22,9,62,28.28,6,12,23,6,10
2024-08-07,Armando Broja,Training,TRN,TRAIN,2024-25,4091,1507,668,509,33,10,11,69,26.21,10,18,15,5,7
2024-08-07,Ross Barkley,Training,TRN,TRAIN,2024-25,7523,2340,1329,492,26,12,10,61,28.69,6,13,18,14,9
2024-08-07,Callum Hudson-Odoi,Training,TRN,TRAIN,2024-25,7670,1790,1145,448,30,18,8,63,26.23,9,18,20,6,2
2024-08-07,Emerson Palmieri,Training,TRN,TRAIN,2024-25,4706,1806,1235,318,29,15,9,85,28.34,7,11,21,14,8
2024-08-07,Ricardo Pereira,Training,TRN,TRAIN,2024-25,5905,1846,1275,630,24,12,6,70,25.42,6,17,15,15,10
2024-08-07,João Félix,Training,TRN,TRAIN,2024-25,6647,2383,1333,731,25,10,14,68,28.0,6,19,23,12,10
2024-08-07,Hakim Ziyech,Training,TRN,TRAIN,2024-25,5197,1378,1151,362,37,25,7,63,27.49,9,10,17,9,2
2024-08-09,Kepa Arrizabalaga,Training,TRN,TRAIN,2024-25,4969,1889,1284,407,20,11,7,80,25.86,10,12,15,10,9
2024-08-09,Édouard Mendy,Training,TRN,TRAIN,2024-25,5797,1432,1079,486,34,18,7,76,29.43,8,20,25,9,9
2024-08-09,Reece James,Training,TRN,TRAIN,2024-25,6928,1685,1546,533,22,24,6,65,26.45,6,19,22,14,2
2024-08-09,Ben Chilwell,Training,TRN,TRAIN,2024-25,6325,1511,1494,478,40,17,6,70,27.98,6,17,15,8,3
2024-08-09,César Azpilicueta,Training,TRN,TRAIN,2024-25,7363,2161,1719,384,23,11,8,67,27.75,5,10,16,10,4
2024-08-09,Andreas Christensen,Training,TRN,TRAIN,2024-25,6317,2206,993,709,34,11,5,79,26.54,7,20,20,7,6
2024-08-09,Marcos Alonso,Training,TRN,TRAIN,2024-25,6449,1915,1302,678,32,16,10,81,28.65,7,18,17,7,8
2024-08-09,N'Golo Kanté,Training,TRN,TRAIN,2024-25,6097,1581,743,427,30,25,5,74,28.95,10,15,15,9,3
2024-08-09,Jorginho,Training,TRN,TRAIN,2024-25,5354,2113,727,612,20,24,7,70,26.45,6,16,20,12,7
2024-08-09,Mason Mount,Training,TRN,TRAIN,2024-25,4550,1251,1130,421,22,16,6,61,28.68,9,17,16,11,2
2024-08-09,Kai Havertz,Training,TRN,TRAIN,2024-25,6232,2097,1579,863,32,11,9,82,25.45,8,19,16,8,2
2024-08-09,Christian Pulisic,Training,TRN,TRAIN,2024-25,4276,1637,796,248,32,21,12,81,29.56,5,20,15,14,10
2024-08-09,Mateo Kovačić,Training,TRN,TRAIN,2024-25,4722,1842,515,403,21,14,10,70,25.52,5,10,23,13,9
2024-08-09,Conor Gallagher,Training,TRN,TRAIN,2024-25,6149,1241,962,854,24,10,11,78,29.35,9,18,20,8,10
2024-08-09,Timo Werner,Training,TRN,TRAIN,2024-25,7586,2389,1613,1045,24,14,7,75,27.98,7,10,15,13,10
2024-08-09,Olivier Giroud,Training,TRN,TRAIN,2024-25,5148,1403,1262,510,29,16,12,73,26.59,7,16,25,12,7
2024-08-09,Tammy Abraham,Training,TRN,TRAIN,2024-25,6498,2227,1277,506,39,23,13,67,27.42,8,18,25,8,2
2024-08-09,Armando Broja,Training,TRN,TRAIN,2024-25,6864,2140,2009,750,39,12,5,81,27.39,8,12,16,8,3
2024-08-09,Ross Barkley,Training,TRN,TRAIN,2024-25,6653,2171,1603,519,34,25,7,68,28.61,10,15,21,15,2
2024-08-09,Callum Hudson-Odoi,Training,TRN,TRAIN,2024-25,4920,1835,1115,260,33,10,5,78,29.96,10,13,15,5,10
2024-08-09,Emerson Palmieri,Training,TRN,TRAIN,2024-25,7388,2027,2125,871,22,13,6,61,25.72,5,17,25,9,8
2024-08-09,Ricardo Pereira,Training,TRN,TRAIN,2024-25,4787,996,1412,679,24,19,15,69,27.31,8,16,20,15,6
2024-08-09,João Félix,Training,TRN,TRAIN,2024-25,4754,1475,1058,251,37,16,11,80,27.0,5,10,24,15,8
2024-08-09,Hakim Ziyech,Training,TRN,TRAIN,2024-25,6385,2026,1745,478,32,20,12,75,27.38,7,11,18,10,2
2024-08-10,Kepa Arrizabalaga,Match,LIV,Liverpool,2024-25,10136,2313,1793,633,36,25,10,94,32.06,7,11,17,8,2
2024-08-10,Édouard Mendy,Match,LIV,Liverpool,2024-25,10635,2370,2171,694,35,14,7,92,33.4,8,13,18,15,10
2024-08-10,Reece James,Match,LIV,Liverpool,2024-25,11561,3701,1213,1203,31,18,9,95,33.27,8,14,21,9,2
2024-08-10,Ben Chilwell,Match,LIV,Liverpool,2024-25,10135,3470,2128,1422,37,20,5,93,32.96,9,19,25,15,6
2024-08-10,César Azpilicueta,Match,LIV,Liverpool,2024-25,11494,2971,1171,1562,32,18,8,91,30.07,6,20,19,9,4
2024-08-10,Andreas Christensen,Match,LIV,Liverpool,2024-25,11574,4161,2529,994,39,10,11,94,33.62,7,11,22,10,7
2024-08-10,Marcos Alonso,Match,LIV,Liverpool,2024-25,10690,3572,1934,930,40,15,8,93,34.73,9,18,18,14,4
2024-08-10,N'Golo Kanté,Match,LIV,Liverpool,2024-25,10837,2807,3202,1263,26,13,13,92,30.68,7,10,18,10,5
2024-08-10,Jorginho,Match,LIV,Liverpool,2024-25,10562,4173,1514,1065,23,17,5,95,30.59,8,13,22,15,5
2024-08-10,Mason Mount,Match,LIV,Liverpool,2024-25,10592,4010,1543,1418,39,19,14,93,31.78,8,14,22,8,6
2024-08-10,Kai Havertz,Match,LIV,Liverpool,2024-25,11777,4601,2390,1435,35,15,6,94,30.14,5,20,20,13,10
2024-08-10,Christian Pulisic,Match,LIV,Liverpool,2024-25,11375,4030,2464,1077,21,13,7,90,33.95,5,11,21,15,7
2024-08-10,Mateo Kovačić,Match,LIV,Liverpool,2024-25,10757,3417,2803,1138,30,18,8,93,33.55,7,15,22,13,9
2024-08-10,Conor Gallagher,Match,LIV,Liverpool,2024-25,10957,4128,2247,911,22,19,11,92,34.72,9,11,21,15,6
2024-08-10,Timo Werner,Match,LIV,Liverpool,2024-25,11852,3214,2173,1574,23,13,11,94,30.33,8,14,18,14,6
2024-08-10,Olivier Giroud,Match,LIV,Liverpool,2024-25,10335,3217,2081,916,33,13,15,94,31.81,10,13,21,9,10
2024-08-10,Tammy Abraham,Match,LIV,Liverpool,2024-25,11767,2491,1484,1352,21,10,5,92,31.88,7,20,18,12,6
2024-08-10,Armando Broja,Match,LIV,Liverpool,2024-25,10782,3884,1130,1612,28,20,12,90,30.16,7,12,15,11,9
2024-08-10,Ross Barkley,Match,LIV,Liverpool,2024-25,11759,2936,2722,986,24,21,6,92,30.26,6,12,23,8,4
2024-08-10,Callum Hudson-Odoi,Match,LIV,Liverpool,2024-25,10623,2713,2342,1489,33,21,11,92,33.95,10,19,16,10,5
2024-08-10,Emerson Palmieri,Match,LIV,Liverpool,2024-25,11689,2561,2760,1022,28,13,15,93,33.91,10,13,19,9,7
2024-08-10,Ricardo Pereira,Match,LIV,Liverpool,2024-25,11143,2762,1212,1128,30,14,11,90,31.63,5,13,20,15,7
2024-08-10,João Félix,Match,LIV,Liverpool,2024-25,10512,2380,1240,811,30,23,9,90,30.15,9,12,20,9,9
2024-08-10,Hakim Ziyech,Match,LIV,Liverpool,2024-25,11205,2316,1539,1614,26,21,8,93,31.58,8,10,25,13,2
2024-08-11,Kepa Arrizabalaga,Match,LIV,Liverpool,2024-25,10196,2181,1853,1177,34,17,9,93,30.41,9,13,25,13,3
2024-08-11,Édouard Mendy,Match,LIV,Liverpool,2024-25,11757,2960,1743,1691,24,17,7,90,32.84,10,17,25,8,8
2024-08-11,Reece James,Match,LIV,Liverpool,2024-25,11923,2871,1639,1768,27,16,12,90,31.06,5,10,18,14,10
2024-08-11,Ben Chilwell,Match,LIV,Liverpool,2024-25,10316,2272,2745,1114,28,18,7,91,30.53,8,12,18,12,8
2024-08-11,César Azpilicueta,Match,LIV,Liverpool,2024-25,11096,4227,2609,1037,27,19,8,90,34.36,7,15,25,11,2
2024-08-11,Andreas Christensen,Match,LIV,Liverpool,2024-25,11535,4564,1372,1656,27,15,6,95,32.53,7,10,17,15,3
2024-08-11,Marcos Alonso,Match,LIV,Liverpool,2024-25,10200,2987,2529,1403,30,19,14,90,34.14,10,13,22,12,5
2024-08-11,N'Golo Kanté,Match,LIV,Liverpool,2024-25,11555,2562,3044,960,20,14,8,93,32.74,7,20,18,13,10
2024-08-11,Jorginho,Match,LIV,Liverpool,2024-25,10953,3039,2355,819,32,17,12,90,30.94,6,16,23,13,9
2024-08-11,Mason Mount,Match,LIV,Liverpool,2024-25,10974,3257,1415,1311,32,11,8,93,31.17,9,11,18,8,5
2024-08-11,Kai Havertz,Match,LIV,Liverpool,2024-25,10372,2176,1903,1076,20,12,13,91,30.61,6,13,16,5,10
2024-08-11,Christian Pulisic,Match,LIV,Liverpool,2024-25,11789,4164,2518,1053,20,12,10,91,32.02,7,20,24,7,8
2024-08-11,Mateo Kovačić,Match,LIV,Liverpool,2024-25,11249,4417,2474,941,27,21,14,91,30.26,9,16,25,12,6
2024-08-11,Conor Gallagher,Match,LIV,Liverpool,2024-25,11880,3751,1292,1395,30,19,6,92,33.04,10,10,19,8,4
2024-08-11,Timo Werner,Match,LIV,Liverpool,2024-25,10106,3330,2276,954,37,25,5,90,31.23,5,13,23,12,3
2024-08-11,Olivier Giroud,Match,LIV,Liverpool,2024-25,11261,4211,1634,768,24,16,13,94,30.01,8,20,23,13,4
2024-08-11,Tammy Abraham,Match,LIV,Liverpool,2024-25,10643,4108,1201,1008,38,17,10,94,32.05,10,14,18,11,9
2024-08-11,Armando Broja,Match,LIV,Liverpool,2024-25,10254,2543,2927,1453,37,14,9,93,30.3,5,15,24,7,7
2024-08-11,Ross Barkley,Match,LIV,Liverpool,2024-25,10196,2938,2848,1422,25,21,9,92,32.49,8,13,23,7,10
2024-08-11,Callum Hudson-Odoi,Match,LIV,Liverpool,2024-25,10876,2203,3172,1374,39,12,14,94,34.68,8,13,19,7,2
2024-08-11,Emerson Palmieri,Match,LIV,Liverpool,2024-25,10669,3367,2070,1221,21,15,15,92,31.06,10,20,22,10,9
2024-08-11,Ricardo Pereira,Match,LIV,Liverpool,2024-25,11149,3107,2951,1112,40,16,10,94,34.39,7,14,23,10,4
2024-08-11,João Félix,Match,LIV,Liverpool,2024-25,11732,3891,2439,1038,27,10,6,92,30.34,6,13,23,7,10
2024-08-11,Hakim Ziyech,Match,LIV,Liverpool,2024-25,10631,2483,2504,1035,21,22,6,90,31.92,7,13,18,7,4
2024-08-12,Kepa Arrizabalaga,Training,TRN,TRAIN,2024-25,4149,905,1119,352,32,20,14,63,29.37,7,15,24,11,6
2024-08-12,Édouard Mendy,Training,TRN,TRAIN,2024-25,6999,1486,957,496,32,15,10,81,27.52,6,11,23,8,3
2024-08-12,Reece James,Training,TRN,TRAIN,2024-25,7822,2944,1675,612,27,17,13,79,29.53,5,15,19,8,9
2024-08-12,Ben Chilwell,Training,TRN,TRAIN,2024-25,7683,2811,1848,493,20,19,14,78,26.22,8,16,25,9,9
2024-08-12,César Azpilicueta,Training,TRN,TRAIN,2024-25,5060,1098,1128,573,39,14,11,84,26.29,8,11,17,14,5
2024-08-12,Andreas Christensen,Training,TRN,TRAIN,2024-25,7455,2910,817,1060,29,18,9,70,28.91,7,16,18,10,8
2024-08-12,Marcos Alonso,Training,TRN,TRAIN,2024-25,5001,1997,1169,463,35,12,15,85,29.32,9,17,17,10,7
2024-08-12,N'Golo Kanté,Training,TRN,TRAIN,2024-25,4588,1347,852,530,39,23,10,66,29.61,7,10,25,10,4
2024-08-12,Jorginho,Training,TRN,TRAIN,2024-25,4382,1501,542,417,24,16,7,81,27.46,10,12,15,13,10
2024-08-12,Mason Mount,Training,TRN,TRAIN,2024-25,6124,1888,1174,410,39,13,14,71,25.56,8,10,15,14,9
2024-08-12,Kai Havertz,Training,TRN,TRAIN,2024-25,6333,2449,1897,489,29,25,11,81,25.68,9,14,15,11,8
2024-08-12,Christian Pulisic,Training,TRN,TRAIN,2024-25,5587,1280,960,669,37,17,6,77,27.06,9,16,19,8,7
2024-08-12,Mateo Kovačić,Training,TRN,TRAIN,2024-25,4299,1120,633,296,26,18,12,60,28.71,9,19,24,8,6
2024-08-12,Conor Gallagher,Training,TRN,TRAIN,2024-25,4457,1273,1246,445,27,20,15,65,25.56,6,20,24,10,10
2024-08-12,Timo Werner,Training,TRN,TRAIN,2024-25,7354,1473,1682,867,25,16,12,75,26.68,6,16,23,14,8
2024-08-12,Olivier Giroud,Training,TRN,TRAIN,2024-25,4926,1384,879,517,25,23,14,69,25.03,8,18,17,6,5
2024-08-12,Tammy Abraham,Training,TRN,TRAIN,2024-25,4830,1811,1308,296,25,16,7,74,28.46,9,18,24,15,5
2024-08-12,Armando Broja,Training,TRN,TRAIN,2024-25,4706,1670,1241,600,32,12,9,70,28.75,5,17,16,14,7
2024-08-12,Ross Barkley,Training,TRN,TRAIN,2024-25,6841,2464,952,845,26,23,12,83,26.41,7,10,25,10,2
2024-08-12,Callum Hudson-Odoi,Training,TRN,TRAIN,2024-25,4522,905,981,631,28,15,6,69,26.67,9,11,22,13,9
2024-08-12,Emerson Palmieri,Training,TRN,TRAIN,2024-25,5449,1681,888,731,27,25,10,70,27.69,5,19,18,7,8
2024-08-12,Ricardo Pereira,Training,TRN,TRAIN,2024-25,5007,1146,696,514,26,14,9,83,27.99,6,10,19,15,7
2024-08-12,João Félix,Training,TRN,TRAIN,2024-25,5180,1820,1016,628,27,20,12,72,28.85,6,19,20,11,3
2024-08-12,Hakim Ziyech,Training,TRN,TRAIN,2024-25,6853,1864,734,957,31,12,13,85,27.45,6,14,21,9,6
2024-08-14,Kepa Arrizabalaga,Training,TRN,TRAIN,2024-25,4272,1646,711,217,25,16,14,74,25.71,7,16,25,15,7
2024-08-14,Édouard Mendy,Training,TRN,TRAIN,2024-25,4476,1740,915,298,37,24,9,79,28.41,8,19,21,14,6
2024-08-14,Reece James,Training,TRN,TRAIN,2024-25,6870,2268,2023,767,32,11,12,72,29.85,5,16,23,13,6
2024-08-14,Ben Chilwell,Training,TRN,TRAIN,2024-25,6455,1386,667,359,25,22,14,71,27.23,5,15,17,6,8
2024-08-14,César Azpilicueta,Training,TRN,TRAIN,2024-25,6108,1677,1413,912,35,16,13,75,26.98,10,10,17,11,3
2024-08-14,Andreas Christensen,Training,TRN,TRAIN,2024-25,7883,2925,1537,517,32,21,12,77,27.69,5,16,16,10,10
2024-08-14,Marcos Alonso,Training,TRN,TRAIN,2024-25,7035,1977,1167,903,24,16,5,80,26.84,10,10,24,5,3
2024-08-14,N'Golo Kanté,Training,TRN,TRAIN,2024-25,6904,1953,742,704,32,21,7,70,26.57,5,20,21,11,2
2024-08-14,Jorginho,Training,TRN,TRAIN,2024-25,6898,1920,1124,510,24,21,9,78,28.85,7,20,22,5,4
2024-08-14,Mason Mount,Training,TRN,TRAIN,2024-25,7175,1897,1381,606,30,19,13,60,26.24,9,10,16,8,4
2024-08-14,Kai Havertz,Training,TRN,TRAIN,2024-25,4731,1700,1064,479,37,25,12,64,27.04,9,12,19,8,6
2024-08-14,Christian Pulisic,Training,TRN,TRAIN,2024-25,4545,1109,651,587,26,20,10,69,29.45,9,15,17,5,2
2024-08-14,Mateo Kovačić,Training,TRN,TRAIN,2024-25,6178,2226,1506,808,38,14,15,81,25.41,9,12,23,12,2
2024-08-14,Conor Gallagher,Training,TRN,TRAIN,2024-25,5395,1940,1243,530,21,20,8,80,25.2,7,16,18,12,5
2024-08-14,Timo Werner,Training,TRN,TRAIN,2024-25,7755,2738,2064,703,36,25,11,84,26.28,7,15,19,5,6
2024-08-14,Olivier Giroud,Training,TRN,TRAIN,2024-25,7771,1623,1123,1164,37,21,15,80,29.85,6,20,19,9,3
2024-08-14,Tammy Abraham,Training,TRN,TRAIN,2024-25,7041,2229,1124,828,35,23,8,85,27.06,5,14,17,6,10
2024-08-14,Armando Broja,Training,TRN,TRAIN,2024-25,6903,1706,1483,678,20,16,9,68,27.93,5,19,24,11,8
2024-08-14,Ross Barkley,Training,TRN,TRAIN,2024-25,4912,1105,1441,347,31,20,5,83,26.81,6,14,17,9,7
2024-08-14,Callum Hudson-Odoi,Training,TRN,TRAIN,2024-25,7472,1517,1310,1115,21,11,10,77,28.13,5,20,15,11,10
2024-08-14,Emerson Palmieri,Training,TRN,TRAIN,2024-25,6216,2375,1675,826,24,12,10,73,28.0,5,15,22,7,5
2024-08-14,Ricardo Pereira,Training,TRN,TRAIN,2024-25,4916,1189,1383,553,22,18,14,66,27.09,8,20,20,5,6
2024-08-14,João Félix,Training,TRN,TRAIN,2024-25,4144,865,1239,276,27,16,9,77,27.62,7,18,17,12,7
2024-08-14,Hakim Ziyech,Training,TRN,TRAIN,2024-25,6025,1830,1283,332,38,22,8,71,27.72,6,14,18,5,4
2024-08-16,Kepa Arrizabalaga,Training,TRN,TRAIN,2024-25,5686,1343,1130,608,24,23,12,61,29.98,7,18,15,14,4
2024-08-16,Édouard Mendy,Training,TRN,TRAIN,2024-25,4055,896,467,300,33,18,9,68,26.61,9,13,22,5,10
2024-08-16,Reece James,Training,TRN,TRAIN,2024-25,4943,1374,903,545,37,22,8,66,26.76,7,18,22,10,4
2024-08-16,Ben Chilwell,Training,TRN,TRAIN,2024-25,5665,1787,1592,377,38,10,13,80,27.14,10,17,23,8,9
2024-08-16,César Azpilicueta,Training,TRN,TRAIN,2024-25,6927,2212,1406,516,30,13,15,71,28.03,9,11,19,6,5
2024-08-16,Andreas Christensen,Training,TRN,TRAIN,2024-25,4644,1039,537,364,36,15,9,71,25.24,5,20,23,8,4
2024-08-16,Marcos Alonso,Training,TRN,TRAIN,2024-25,5474,2152,629,298,25,16,9,79,26.01,9,14,17,12,7
2024-08-16,N'Golo Kanté,Training,TRN,TRAIN,2024-25,4263,991,546,546,36,12,13,68,28.81,7,18,19,12,2
2024-08-16,Jorginho,Training,TRN,TRAIN,2024-25,6374,2276,1416,771,26,13,6,73,28.87,8,11,25,10,2
2024-08-16,Mason Mount,Training,TRN,TRAIN,2024-25,4562,1585,690,637,36,22,8,68,27.09,10,16,19,8,9
2024-08-16,Kai Havertz,Training,TRN,TRAIN,2024-25,7439,2087,1529,424,23,23,10,83,27.54,8,16,15,5,2
2024-08-16,Christian Pulisic,Training,TRN,TRAIN,2024-25,7315,2343,1866,688,26,21,5,75,28.9,7,15,16,9,2
2024-08-16,Mateo Kovačić,Training,TRN,TRAIN,2024-25,6637,1490,1681,570,32,12,7,82,28.84,7,19,25,8,3
2024-08-16,Conor Gallagher,Training,TRN,TRAIN,2024-25,4803,1737,1357,313,27,17,8,85,27.62,5,18,19,7,8
2024-08-16,Timo Werner,Training,TRN,TRAIN,2024-25,4235,1109,553,394,40,12,7,63,27.35,9,15,17,13,9
2024-08-16,Olivier Giroud,Training,TRN,TRAIN,2024-25,6071,1598,1816,382,30,19,14,81,29.12,5,11,25,12,8
2024-08-16,Tammy Abraham,Training,TRN,TRAIN,2024-25,5436,1527,1280,769,24,25,5,65,28.97,7,14,24,11,4
2024-08-16,Armando Broja,Training,TRN,TRAIN,2024-25,7070,2531,853,606,27,13,12,83,28.53,5,20,20,7,4
2024-08-16,Ross Barkley,Training,TRN,TRAIN,2024-25,4625,978,1145,532,40,25,15,67,26.03,5,11,21,5,8
2024-08-16,Callum Hudson-Odoi,Training,TRN,TRAIN,2024-25,6488,1828,1404,861,27,24,8,67,25.73,7,20,23,6,4
2024-08-16,Emerson Palmieri,Training,TRN,TRAIN,2024-25,5856,1260,1024,371,34,23,8,63,28.09,5,15,18,10,6
2024-08-16,Ricardo Pereira,Training,TRN,TRAIN,2024-25,7268,2495,885,450,21,22,13,71,28.05,10,10,24,11,4
2024-08-16,João Félix,Training,TRN,TRAIN,2024-25,6551,1669,929,362,35,13,6,84,29.67,5,12,15,14,5
2024-08-16,Hakim Ziyech,Training,TRN,TRAIN,2024-25,7642,3052,1562,691,27,11,13,75,28.48,7,17,15,12,3
2024-08-17,Kepa Arrizabalaga,Match,SOU,Southampton,2024-25,10174,3341,1510,1031,40,23,13,95,30.37,9,15,17,11,7
2024-08-17,Édouard Mendy,Match,SOU,Southampton,2024-25,10771,3835,1919,1337,31,13,9,92,34.97,6,10,15,5,6
2024-08-17,Reece James,Match,SOU,Southampton,2024-25,11882,4145,1566,1782,40,25,15,95,30.85,10,20,21,5,5
2024-08-17,Ben Chilwell,Match,SOU,Southampton,2024-25,10706,4225,1965,1499,31,25,6,95,34.54,8,13,17,14,8
2024-08-17,César Azpilicueta,Match,SOU,Southampton,2024-25,11658,3144,3135,1061,38,14,6,91,33.0,10,19,17,8,5
2024-08-17,Andreas Christensen,Match,SOU,Southampton,2024-25,11240,4194,2318,962,24,17,10,94,32.64,9,11,15,12,10
2024-08-17,Marcos Alonso,Match,SOU,Southampton,2024-25,11874,3155,2455,1389,28,16,9,90,32.0,6,19,17,13,5
2024-08-17,N'Golo Kanté,Match,SOU,Southampton,2024-25,10319,3217,2641,1332,29,24,15,90,33.25,5,11,16,6,10
2024-08-17,Jorginho,Match,SOU,Southampton,2024-25,11786,3418,2040,1183,38,20,10,95,33.3,10,11,21,10,8
2024-08-17,Mason Mount,Match,SOU,Southampton,2024-25,10085,2555,2583,1365,22,14,6,93,33.39,10,18,21,15,5
2024-08-17,Kai Havertz,Match,SOU,Southampton,2024-25,10147,2581,2386,1281,23,15,7,91,33.75,9,20,16,9,5
2024-08-17,Christian Pulisic,Match,SOU,Southampton,2024-25,11753,3695,1528,887,30,22,7,90,30.99,9,13,17,14,8
2024-08-17,Mateo Kovačić,Match,SOU,Southampton,2024-25,11776,3931,1632,1657,26,14,6,91,31.48,9,11,19,6,3
2024-08-17,Conor Gallagher,Match,SOU,Southampton,2024-25,11383,3570,3097,981,26,25,12,90,32.28,5,16,20,14,8
2024-08-17,Timo Werner,Match,SOU,Southampton,2024-25,10472,2157,1980,830,35,24,8,91,30.42,8,15,23,10,8
2024-08-17,Olivier Giroud,Match,SOU,Southampton,2024-25,11782,4585,2456,937,22,21,6,94,33.1,9,10,19,15,7
2024-08-17,Tammy Abraham,Match,SOU,Southampton,2024-25,10461,3710,2472,1401,33,20,8,94,32.02,9,19,23,6,6
2024-08-17,Armando Broja,Match,SOU,Southampton,2024-25,11944,3684,1294,600,25,21,11,91,34.53,9,13,22,11,9
2024-08-17,Ross Barkley,Match,SOU,Southampton,2024-25,10226,2117,2857,854,21,25,12,91,31.86,10,11,25,13,9
2024-08-17,Callum Hudson-Odoi,Match,SOU,Southampton,2024-25,10848,2703,1140,1098,34,13,6,93,30.48,8,19,24,6,5
2024-08-17,Emerson Palmieri,Match,SOU,Southampton,2024-25,10996,3208,2469,1101,21,22,14,92,32.59,5,15,15,7,6
2024-08-17,Ricardo Pereira,Match,SOU,Southampton,2024-25,10223,2694,2997,1431,37,23,7,92,32.43,7,13,16,12,6
2024-08-17,João Félix,Match,SOU,Southampton,2024-25,11939,4035,1596,1610,23,25,9,91,33.53,9,15,17,5,6
2024-08-17,Hakim Ziyech,Match,SOU,Southampton,2024-25,10550,2325,3136,543,21,21,15,91,30.89,5,20,25,15,3
2024-08-18,Kepa Arrizabalaga,Match,MAN,Manchester United,2024-25,10817,2429,1787,1526,29,24,15,90,30.05,10,16,23,13,9
2024-08-18,Édouard Mendy,Match,MAN,Manchester United,2024-25,11408,2418,2036,1644,39,22,15,91,30.58,10,13,19,9,5
2024-08-18,Reece James,Match,MAN,Manchester United,2024-25,10605,2424,1388,1265,33,18,6,94,34.46,7,12,17,8,2
2024-08-18,Ben Chilwell,Match,MAN,Manchester United,2024-25,10893,2466,1469,963,34,15,8,90,34.3,8,15,24,8,4
2024-08-18,César Azpilicueta,Match,MAN,Manchester United,2024-25,11844,4173,2625,974,33,22,14,90,30.81,8,11,16,7,3
2024-08-18,Andreas Christensen,Match,MAN,Manchester United,2024-25,10495,2424,2385,653,35,23,6,91,34.63,7,16,16,13,5
2024-08-18,Marcos Alonso,Match,MAN,Manchester United,2024-25,10231,2951,1347,829,38,16,15,90,33.1,7,17,19,5,8
2024-08-18,N'Golo Kanté,Match,MAN,Manchester United,2024-25,11853,2937,2102,918,26,23,12,93,34.42,6,14,17,11,7
2024-08-18,Jorginho,Match,MAN,Manchester United,2024-25,10737,3532,2286,1497,35,23,5,93,33.02,9,20,21,13,9
2024-08-18,Mason Mount,Match,MAN,Manchester United,2024-25,11267,4455,2598,1204,33,11,7,91,30.97,9,10,23,13,6
2024-08-18,Kai Havertz,Match,MAN,Manchester United,2024-25,11256,3153,1902,629,40,21,13,92,34.13,10,14,18,5,6
2024-08-18,Christian Pulisic,Match,MAN,Manchester United,2024-25,11029,3550,1777,1530,31,15,9,93,32.06,9,17,24,5,7
2024-08-18,Mateo Kovačić,Match,MAN,Manchester United,2024-25,10017,2580,2485,757,30,15,12,94,32.61,5,20,20,13,4
2024-08-18,Conor Gallagher,Match,MAN,Manchester United,2024-25,11174,3042,2615,936,26,17,7,92,30.48,9,16,22,12,6
2024-08-18,Timo Werner,Match,MAN,Manchester United,2024-25,10661,3119,2779,1179,28,19,15,91,33.3,7,15,16,10,8
2024-08-18,Olivier Giroud,Match,MAN,Manchester United,2024-25,11072,3924,3004,1516,26,19,10,92,33.9,10,17,17,12,8
2024-08-18,Tammy Abraham,Match,MAN,Manchester United,2024-25,11591,3577,2195,648,25,18,13,93,33.75,10,14,24,9,5
2024-08-18,Armando Broja,Match,MAN,Manchester United,2024-25,10863,3372,2353,676,23,13,14,90,32.0,10,17,24,5,10
2024-08-18,Ross Barkley,Match,MAN,Manchester United,2024-25,11518,3255,2143,979,23,23,9,95,32.55,6,14,21,6,7
2024-08-18,Callum Hudson-Odoi,Match,MAN,Manchester United,2024-25,11828,3053,1250,1368,34,11,13,91,33.61,7,10,25,9,3
2024-08-18,Emerson Palmieri,Match,MAN,Manchester United,2024-25,10976,3247,2212,1230,38,11,12,95,30.73,8,16,24,7,6
2024-08-18,Ricardo Pereira,Match,MAN,Manchester United,2024-25,11182,3660,3101,1253,32,14,15,91,33.14,5,15,25,7,2
2024-08-18,João Félix,Match,MAN,Manchester United,2024-25,10406,2109,2777,1025,38,13,6,94,30.07,5,18,21,13,6
2024-08-18,Hakim Ziyech,Match,MAN,Manchester United,2024-25,10865,2466,1897,1080,31,14,10,90,32.89,7,11,24,10,7
2024-08-19,Kepa Arrizabalaga,Training,TRN,TRAIN,2024-25,7298,1658,767,480,35,21,8,68,28.67,5,20,18,8,5
2024-08-19,Édouard Mendy,Training,TRN,TRAIN,2024-25,7523,2631,894,700,35,14,5,81,29.32,6,15,17,6,8
2024-08-19,Reece James,Training,TRN,TRAIN,2024-25,5661,1579,1484,339,40,10,10,77,26.53,5,15,17,8,4
2024-08-19,Ben Chilwell,Training,TRN,TRAIN,2024-25,4242,1367,797,622,40,23,12,80,29.9,10,18,23,9,2
2024-08-19,César Azpilicueta,Training,TRN,TRAIN,2024-25,4381,1429,991,479,40,12,9,66,26.69,8,14,19,7,2
2024-08-19,Andreas Christensen,Training,TRN,TRAIN,2024-25,5093,1315,1125,327,20,11,12,62,27.32,5,12,22,15,6
2024-08-19,Marcos Alonso,Training,TRN,TRAIN,2024-25,7081,2054,1990,648,23,14,13,81,25.55,10,20,21,5,5
2024-08-19,N'Golo Kanté,Training,TRN,TRAIN,2024-25,4413,1543,658,413,40,20,12,81,29.91,5,14,21,6,8
2024-08-19,Jorginho,Training,TRN,TRAIN,2024-25,4954,1662,737,460,21,24,14,70,25.07,10,14,24,5,4
2024-08-19,Mason Mount,Training,TRN,TRAIN,2024-25,5132,1086,899,661,21,21,11,60,29.41,6,11,21,6,9
2024-08-19,Kai Havertz,Training,TRN,TRAIN,2024-25,6231,1348,1127,598,31,14,13,82,26.42,7,18,17,11,9
2024-08-19,Christian Pulisic,Training,TRN,TRAIN,2024-25,4866,1755,619,384,23,16,15,81,29.4,8,17,17,13,6
2024-08-19,Mateo Kovačić,Training,TRN,TRAIN,2024-25,6283,1349,630,413,26,15,10,74,29.42,5,18,22,10,6
2024-08-19,Conor Gallagher,Training,TRN,TRAIN,2024-25,7950,2607,2189,831,34,23,5,83,26.87,10,20,17,9,6
2024-08-19,Timo Werner,Training,TRN,TRAIN,2024-25,5973,2071,1182,651,21,16,15,76,26.44,7,16,19,7,9
2024-08-19,Olivier Giroud,Training,TRN,TRAIN,2024-25,5900,1487,1025,568,29,12,10,70,26.2,5,12,19,15,3
2024-08-19,Tammy Abraham,Training,TRN,TRAIN,2024-25,7058,2133,834,582,31,22,8,76,28.78,6,11,19,10,6
2024-08-19,Armando Broja,Training,TRN,TRAIN,2024-25,6769,1812,1634,622,29,11,5,68,29.4,7,20,25,6,6
2024-08-19,Ross Barkley,Training,TRN,TRAIN,2024-25,7847,3009,1832,975,34,10,9,82,26.94,7,20,17,13,6
2024-08-19,Callum Hudson-Odoi,Training,TRN,TRAIN,2024-25,4775,1632,1145,561,37,12,6,63,26.41,7,16,17,7,9
2024-08-19,Emerson Palmieri,Training,TRN,TRAIN,2024-25,7543,2079,2193,695,25,25,8,78,25.89,9,18,16,12,3
2024-08-19,Ricardo Pereira,Training,TRN,TRAIN,2024-25,4176,897,1181,492,34,22,10,85,29.78,5,20,16,13,9
2024-08-19,João Félix,Training,TRN,TRAIN,2024-25,5334,2106,1167,331,39,14,13,61,27.26,10,12,18,14,9
2024-08-19,Hakim Ziyech,Training,TRN,TRAIN,2024-25,5904,2196,649,414,38,12,8,75,28.76,7,15,22,6,5
2024-08-21,Kepa Arrizabalaga,Training,TRN,TRAIN,2024-25,6305,1936,1304,359,40,25,6,63,26.4,7,13,15,14,2
2024-08-21,Édouard Mendy,Training,TRN,TRAIN,2024-25,6388,1574,1711,646,37,25,5,74,25.22,10,20,23,10,5
2024-08-21,Reece James,Training,TRN,TRAIN,2024-25,5280,1243,606,739,38,15,6,79,29.73,9,15,16,10,5
2024-08-21,Ben Chilwell,Training,TRN,TRAIN,2024-25,5850,2025,1058,802,33,12,6,81,29.35,7,15,19,6,6
2024-08-21,César Azpilicueta,Training,TRN,TRAIN,2024-25,6437,1577,1851,355,40,12,15,64,28.85,8,17,23,6,6
2024-08-21,Andreas Christensen,Training,TRN,TRAIN,2024-25,7711,3031,847,853,32,13,13,75,25.39,9,16,16,5,7
2024-08-21,Marcos Alonso,Training,TRN,TRAIN,2024-25,4048,1537,537,486,27,12,13,78,25.65,6,18,24,9,7
2024-08-21,N'Golo Kanté,Training,TRN,TRAIN,2024-25,4039,1313,1014,593,21,14,7,64,25.69,7,19,25,12,2
2024-08-21,Jorginho,Training,TRN,TRAIN,2024-25,4146,1486,1130,595,24,21,15,63,29.4,10,13,18,14,8
2024-08-21,Mason Mount,Training,TRN,TRAIN,2024-25,7098,2310,1510,649,36,20,9,72,29.16,6,15,22,8,3
2024-08-21,Kai Havertz,Training,TRN,TRAIN,2024-25,6406,1925,914,682,29,15,12,68,25.96,5,17,22,15,9
2024-08-21,Christian Pulisic,Training,TRN,TRAIN,2024-25,4826,1135,731,440,35,19,7,68,28.66,7,12,22,11,9
2024-08-21,Mateo Kovačić,Training,TRN,TRAIN,2024-25,4750,1451,801,394,28,14,8,65,27.27,10,19,20,8,9
2024-08-21,Conor Gallagher,Training,TRN,TRAIN,2024-25,7569,2002,1526,396,34,19,10,72,26.93,5,17,15,14,2
2024-08-21,Timo Werner,Training,TRN,TRAIN,2024-25,6280,1410,1631,501,27,11,7,71,28.18,5,17,15,7,4
2024-08-21,Olivier Giroud,Training,TRN,TRAIN,2024-25,7712,1603,1978,1040,33,14,5,63,25.69,6,12,19,5,2
2024-08-21,Tammy Abraham,Training,TRN,TRAIN,2024-25,6979,1935,900,1032,26,18,11,78,27.61,7,20,22,9,10
2024-08-21,Armando Broja,Training,TRN,TRAIN,2024-25,7143,1462,908,599,40,24,14,67,26.68,10,12,22,8,7
2024-08-21,Ross Barkley,Training,TRN,TRAIN,2024-25,7532,2851,1965,953,21,23,6,64,27.43,8,16,15,8,8
2024-08-21,Callum Hudson-Odoi,Training,TRN,TRAIN,2024-25,7421,2753,817,506,32,10,10,65,27.99,10,13,22,13,4
2024-08-21,Emerson Palmieri,Training,TRN,TRAIN,2024-25,4524,1528,740,400,30,25,8,61,28.29,9,17,19,14,6
2024-08-21,Ricardo Pereira,Training,TRN,TRAIN,2024-25,5457,1808,1225,375,23,22,9,60,28.22,7,19,19,15,9
2024-08-21,João Félix,Training,TRN,TRAIN,2024-25,4578,1751,1360,547,33,19,9,66,26.09,8,14,15,7,5
2024-08-21,Hakim Ziyech,Training,TRN,TRAIN,2024-25,4130,1539,1142,488,29,21,15,68,25.97,8,16,19,13,6
2024-08-23,Kepa Arrizabalaga,Training,TRN,TRAIN,2024-25,6964,2558,1591,611,40,14,10,63,26.77,10,16,18,15,2
2024-08-23,Édouard Mendy,Training,TRN,TRAIN,2024-25,6394,2081,1291,649,39,17,7,75,28.45,7,18,15,15,8
2024-08-23,Reece James,Training,TRN,TRAIN,2024-25,7766,1727,2006,1056,25,18,13,79,29.95,7,18,23,15,6
2024-08-23,Ben Chilwell,Training,TRN,TRAIN,2024-25,6996,2524,1901,414,20,24,10,66,25.39,7,13,23,12,6
2024-08-23,César Azpilicueta,Training,TRN,TRAIN,2024-25,7295,2215,1603,911,29,23,13,64,26.61,5,16,15,11,6
2024-08-23,Andreas Christensen,Training,TRN,TRAIN,2024-25,5835,1800,1507,306,38,14,8,74,29.9,8,19,20,15,7
2024-08-23,Marcos Alonso,Training,TRN,TRAIN,2024-25,7454,1559,1753,706,40,10,13,80,26.49,6,13,18,5,4
2024-08-23,N'Golo Kanté,Training,TRN,TRAIN,2024-25,7391,2042,1379,1105,21,13,10,73,28.28,6,17,16,15,4
2024-08-23,Jorginho,Training,TRN,TRAIN,2024-25,7132,2005,2022,474,36,14,11,84,27.95,7,18,16,11,4
2024-08-23,Mason Mount,Training,TRN,TRAIN,2024-25,7535,1910,1006,425,23,18,12,68,29.27,9,16,21,8,7
2024-08-23,Kai Havertz,Training,TRN,TRAIN,2024-25,7715,1987,1573,536,29,15,12,76,25.4,8,18,18,8,7
2024-08-23,Christian Pulisic,Training,TRN,TRAIN,2024-25,5803,1739,622,703,39,17,5,72,29.78,6,14,17,9,4
2024-08-23,Mateo Kovačić,Training,TRN,TRAIN,2024-25,4638,1600,652,310,40,18,14,82,26.24,10,16,17,5,4
2024-08-23,Conor Gallagher,Training,TRN,TRAIN,2024-25,6048,1994,1799,416,24,19,5,71,29.43,6,16,20,8,8
2024-08-23,Timo Werner,Training,TRN,TRAIN,2024-25,7009,2471,1902,855,31,20,15,63,26.21,6,15,18,5,7
2024-08-23,Olivier Giroud,Training,TRN,TRAIN,2024-25,6859,1722,848,546,39,18,5,85,25.28,7,14,25,10,10
2024-08-23,Tammy Abraham,Training,TRN,TRAIN,2024-25,6131,1637,700,803,34,10,11,79,28.6,8,12,24,7,3
2024-08-23,Armando Broja,Training,TRN,TRAIN,2024-25,5766,2296,711,488,30,21,13,76,26.35,9,12,15,14,10
2024-08-23,Ross Barkley,Training,TRN,TRAIN,2024-25,4061,1391,506,468,23,10,13,71,28.21,9,18,20,13,3
2024-08-23,Callum Hudson-Odoi,Training,TRN,TRAIN,2024-25,5346,1428,1257,735,22,13,6,66,26.72,10,17,15,14,10
2024-08-23,Emerson Palmieri,Training,TRN,TRAIN,2024-25,5673,1848,1686,306,35,22,6,75,29.18,6,14,21,11,10
2024-08-23,Ricardo Pereira,Training,TRN,TRAIN,2024-25,5724,1745,977,329,25,22,10,79,28.75,5,13,19,7,6
2024-08-23,João Félix,Training,TRN,TRAIN,2024-25,5307,1715,645,646,34,21,14,67,28.45,10,20,24,9,2
2024-08-23,Hakim Ziyech,Training,TRN,TRAIN,2024-25,6781,1583,1250,510,22,14,9,61,26.05,6,10,19,11,9
2024-08-24,Kepa Arrizabalaga,Match,EVE,Everton,2024-25,10223,3086,1868,1389,37,13,13,90,31.7,9,13,18,11,5
2024-08-24,Édouard Mendy,Match,EVE,Everton,2024-25,10575,3590,1112,1476,28,25,8,90,31.28,5,15,22,15,4
2024-08-24,Reece James,Match,EVE,Everton,2024-25,11087,3458,2143,1288,39,10,11,91,31.97,8,17,19,14,6
2024-08-24,Ben Chilwell,Match,EVE,Everton,2024-25,10471,3460,1101,1295,37,17,9,90,31.13,6,12,17,10,3
2024-08-24,César Azpilicueta,Match,EVE,Everton,2024-25,10303,3757,2825,1348,24,18,6,94,33.89,6,13,16,9,5
2024-08-24,Andreas Christensen,Match,EVE,Everton,2024-25,11488,3299,1782,873,31,15,14,95,30.05,8,20,20,13,8
2024-08-24,Marcos Alonso,Match,EVE,Everton,2024-25,11516,4217,2578,1344,38,23,14,91,33.92,5,17,22,11,5
2024-08-24,N'Golo Kanté,Match,EVE,Everton,2024-25,10953,2621,1297,1632,21,25,10,92,33.74,9,12,24,11,5
2024-08-24,Jorginho,Match,EVE,Everton,2024-25,11144,3581,3161,1571,40,11,10,93,34.47,6,17,19,5,6
2024-08-24,Mason Mount,Match,EVE,Everton,2024-25,11983,2754,1622,1632,30,18,9,94,33.74,7,17,20,10,5
2024-08-24,Kai Havertz,Match,EVE,Everton,2024-25,11835,3238,3253,1343,38,10,13,90,30.63,6,11,24,12,6
2024-08-24,Christian Pulisic,Match,EVE,Everton,2024-25,10971,3986,1771,998,31,15,11,92,30.13,8,11,19,13,9
2024-08-24,Mateo Kovačić,Match,EVE,Everton,2024-25,10813,2201,1667,1564,39,20,6,94,34.01,8,12,21,6,6
2024-08-24,Conor Gallagher,Match,EVE,Everton,2024-25,11405,4023,1438,1474,33,12,6,94,34.45,9,20,16,11,2
2024-08-24,Timo Werner,Match,EVE,Everton,2024-25,11206,3972,1575,1062,29,14,11,90,34.11,5,16,21,7,2
2024-08-24,Olivier Giroud,Match,EVE,Everton,2024-25,10943,3792,1668,1598,34,20,15,92,30.15,7,11,22,14,8
2024-08-24,Tammy Abraham,Match,EVE,Everton,2024-25,11315,2809,3297,1614,35,18,8,92,33.62,10,15,24,6,3
2024-08-24,Armando Broja,Match,EVE,Everton,2024-25,11501,3922,3234,1608,35,14,11,92,32.56,7,15,24,10,6
2024-08-24,Ross Barkley,Match,EVE,Everton,2024-25,10787,4310,2216,1284,26,12,14,91,32.46,8,15,23,5,4
2024-08-24,Callum Hudson-Odoi,Match,EVE,Everton,2024-25,10257,4053,1597,635,20,13,10,90,33.06,5,10,17,6,10
2024-08-24,Emerson Palmieri,Match,EVE,Everton,2024-25,10102,3384,2423,1167,40,25,12,93,30.82,9,17,20,9,2
2024-08-24,Ricardo Pereira,Match,EVE,Everton,2024-25,10538,3194,1681,1214,25,11,10,94,34.97,8,19,19,8,9
2024-08-24,João Félix,Match,EVE,Everton,2024-25,11037,4035,1454,801,28,13,5,92,31.49,6,19,25,15,8
2024-08-24,Hakim Ziyech,Match,EVE,Everton,2024-25,10742,2524,1549,785,32,18,10,95,30.1,5,12,23,13,6
2024-08-25,Kepa Arrizabalaga,Match,LEI,Leicester City,2024-25,11654,4034,3272,1417,37,13,13,92,32.71,9,11,19,5,9
2024-08-25,Édouard Mendy,Match,LEI,Leicester City,2024-25,11001,2442,1600,771,21,25,12,95,33.44,5,16,24,11,6
2024-08-25,Reece James,Match,LEI,Leicester City,2024-25,11049,2622,1949,559,22,12,13,91,31.27,7,14,19,14,9
2024-08-25,Ben Chilwell,Match,LEI,Leicester City,2024-25,10939,2318,2227,589,31,11,12,91,33.45,10,17,19,7,5
2024-08-25,César Azpilicueta,Match,LEI,Leicester City,2024-25,11047,3072,1336,1337,35,21,14,92,30.43,8,11,25,6,7
2024-08-25,Andreas Christensen,Match,LEI,Leicester City,2024-25,10631,3676,1179,564,38,25,11,93,32.3,8,19,25,10,4
2024-08-25,Marcos Alonso,Match,LEI,Leicester City,2024-25,10443,2606,1207,991,37,21,12,93,32.5,5,13,25,8,9
2024-08-25,N'Golo Kanté,Match,LEI,Leicester City,2024-25,10791,3786,1918,1247,26,21,12,94,30.23,10,12,16,9,7
2024-08-25,Jorginho,Match,LEI,Leicester City,2024-25,10690,2836,2936,1121,22,22,14,93,33.45,5,13,18,15,5
2024-08-25,Mason Mount,Match,LEI,Leicester City,2024-25,11851,4577,2763,1038,34,19,14,92,32.7,9,20,16,15,4
2024-08-25,Kai Havertz,Match,LEI,Leicester City,2024-25,10199,2722,1705,557,29,25,9,93,33.84,10,12,25,5,6
2024-08-25,Christian Pulisic,Match,LEI,Leicester City,2024-25,11027,2711,1457,591,21,20,14,92,32.73,9,13,22,14,7
2024-08-25,Mateo Kovačić,Match,LEI,Leicester City,2024-25,11700,2696,1708,821,31,15,7,92,34.4,9,20,22,8,6
2024-08-25,Conor Gallagher,Match,LEI,Leicester City,2024-25,10308,3005,1650,668,21,10,9,91,32.35,9,19,24,5,8
2024-08-25,Timo Werner,Match,LEI,Leicester City,2024-25,10567,2400,2507,867,36,20,11,95,32.46,5,19,23,9,4
2024-08-25,Olivier Giroud,Match,LEI,Leicester City,2024-25,11849,3629,2421,1589,22,11,6,94,33.87,9,19,20,15,5
2024-08-25,Tammy Abraham,Match,LEI,Leicester City,2024-25,10430,2931,2224,892,38,24,15,93,33.15,7,11,23,7,10
2024-08-25,Armando Broja,Match,LEI,Leicester City,2024-25,10764,3340,2028,568,23,13,10,90,34.36,10,16,25,13,7
2024-08-25,Ross Barkley,Match,LEI,Leicester City,2024-25,10578,2487,1795,1354,23,24,9,95,31.77,6,12,17,10,2
2024-08-25,Callum Hudson-Odoi,Match,LEI,Leicester City,2024-25,11349,4394,3314,1381,23,17,8,91,31.84,10,10,25,11,4
2024-08-25,Emerson Palmieri,Match,LEI,Leicester City,2024-25,10351,3182,2839,1081,37,22,6,92,32.16,6,16,23,14,5
2024-08-25,Ricardo Pereira,Match,LEI,Leicester City,2024-25,11246,4071,3220,792,39,12,7,94,30.98,10,13,24,7,10
2024-08-25,João Félix,Match,LEI,Leicester City,2024-25,10163,3573,2098,1025,39,22,13,93,31.33,6,13,25,12,5
2024-08-25,Hakim Ziyech,Match,LEI,Leicester City,2024-25,11913,4625,2974,896,37,19,9,94,30.59,8,14,17,15,7
2024-08-26,Kepa Arrizabalaga,Training,TRN,TRAIN,2024-25,4863,1405,1106,401,24,20,13,66,25.53,8,10,23,5,3
2024-08-26,Édouard Mendy,Training,TRN,TRAIN,2024-25,4926,1877,1197,434,26,17,10,78,25.35,8,13,17,5,10
2024-08-26,Reece James,Training,TRN,TRAIN,2024-25,7841,2231,994,904,25,15,7,65,28.79,7,19,25,8,9
2024-08-26,Ben Chilwell,Training,TRN,TRAIN,2024-25,5083,1238,561,542,20,10,13,81,25.13,9,15,23,9,10
2024-08-26,César Azpilicueta,Training,TRN,TRAIN,2024-25,4472,1553,1336,550,33,24,8,79,28.16,9,10,16,7,10
2024-08-26,Andreas Christensen,Training,TRN,TRAIN,2024-25,6172,1392,714,738,21,12,13,73,26.34,7,16,20,15,3
2024-08-26,Marcos Alonso,Training,TRN,TRAIN,2024-25,6984,1683,1002,812,29,20,14,72,25.33,8,14,20,13,7
2024-08-26,N'Golo Kanté,Training,TRN,TRAIN,2024-25,7713,2842,1871,929,38,20,12,68,29.33,9,19,22,11,2
2024-08-26,Jorginho,Training,TRN,TRAIN,2024-25,6134,1268,704,614,22,22,12,69,29.02,6,10,25,15,7
2024-08-26,Mason Mount,Training,TRN,TRAIN,2024-25,5579,1288,788,560,40,16,11,67,28.57,6,14,19,7,6
2024-08-26,Kai Havertz,Training,TRN,TRAIN,2024-25,5284,1404,708,678,32,17,6,80,28.67,5,15,15,10,5
2024-08-26,Christian Pulisic,Training,TRN,TRAIN,2024-25,6238,2425,789,680,37,23,12,84,26.73,6,13,15,13,10
2024-08-26,Mateo Kovačić,Training,TRN,TRAIN,2024-25,5734,2074,627,714,22,20,6,75,25.4,6,19,24,6,9
2024-08-26,Conor Gallagher,Training,TRN,TRAIN,2024-25,6711,1465,1039,479,29,22,5,77,26.24,5,15,18,11,6
2024-08-26,Timo Werner,Training,TRN,TRAIN,2024-25,6525,2103,981,615,38,13,13,77,29.15,10,16,19,9,6
2024-08-26,Olivier Giroud,Training,TRN,TRAIN,2024-25,7448,2859,2089,1091,40,25,15,67,28.44,8,11,15,10,4
2024-08-26,Tammy Abraham,Training,TRN,TRAIN,2024-25,4824,1168,1128,472,31,14,7,73,29.65,7,20,24,11,5
2024-08-26,Armando Broja,Training,TRN,TRAIN,2024-25,4871,1594,1067,348,39,23,11,85,27.77,7,10,23,5,8
2024-08-26,Ross Barkley,Training,TRN,TRAIN,2024-25,7800,1606,1793,899,20,15,15,79,28.64,9,16,24,8,2
2024-08-26,Callum Hudson-Odoi,Training,TRN,TRAIN,2024-25,4186,1360,982,589,28,19,15,79,28.56,7,16,24,15,10
2024-08-26,Emerson Palmieri,Training,TRN,TRAIN,2024-25,6926,2579,1865,977,37,21,15,60,25.15,9,17,21,14,4
2024-08-26,Ricardo Pereira,Training,TRN,TRAIN,2024-25,6692,1758,1455,719,25,10,14,85,25.23,10,20,23,14,2
2024-08-26,João Félix,Training,TRN,TRAIN,2024-25,4447,1265,620,502,30,11,12,61,27.32,6,19,25,11,4
2024-08-26,Hakim Ziyech,Training,TRN,TRAIN,2024-25,4639,1359,930,685,38,12,12,69,26.75,6,13,15,5,6
2024-08-28,Kepa Arrizabalaga,Training,TRN,TRAIN,2024-25,4669,1138,555,236,27,22,12,65,26.87,5,14,25,6,9
2024-08-28,Édouard Mendy,Training,TRN,TRAIN,2024-25,6436,2194,1579,899,34,18,6,76,29.95,8,17,16,11,10
2024-08-28,Reece James,Training,TRN,TRAIN,2024-25,6767,1941,1022,619,25,17,5,69,25.86,9,10,23,5,2
2024-08-28,Ben Chilwell,Training,TRN,TRAIN,2024-25,6635,1941,1967,928,34,19,10,79,26.51,6,20,20,13,5
2024-08-28,César Azpilicueta,Training,TRN,TRAIN,2024-25,7673,2517,2025,968,40,16,7,83,29.17,8,20,16,10,10
2024-08-28,Andreas Christensen,Training,TRN,TRAIN,2024-25,4171,1486,449,442,26,20,10,69,29.07,10,14,24,8,5
2024-08-28,Marcos Alonso,Training,TRN,TRAIN,2024-25,6292,2507,1659,927,24,18,15,75,28.72,8,11,16,9,5
2024-08-28,N'Golo Kanté,Training,TRN,TRAIN,2024-25,6585,1626,934,764,38,14,7,80,29.2,7,11,22,13,7
2024-08-28,Jorginho,Training,TRN,TRAIN,2024-25,7354,2527,1414,667,34,14,14,63,25.64,10,10,24,10,9
2024-08-28,Mason Mount,Training,TRN,TRAIN,2024-25,6137,1583,1231,365,21,25,5,62,25.29,6,11,24,14,10
2024-08-28,Kai Havertz,Training,TRN,TRAIN,2024-25,4545,1782,607,427,34,23,14,78,28.79,10,14,19,11,8
2024-08-28,Christian Pulisic,Training,TRN,TRAIN,2024-25,7026,1536,1139,833,25,23,15,73,26.32,9,13,21,9,9
2024-08-28,Mateo Kovačić,Training,TRN,TRAIN,2024-25,7676,1745,2149,488,22,18,8,63,26.89,8,14,16,10,8
2024-08-28,Conor Gallagher,Training,TRN,TRAIN,2024-25,5668,1842,1607,496,30,22,10,73,28.71,9,15,22,13,8
2024-08-28,Timo Werner,Training,TRN,TRAIN,2024-25,7596,1843,1773,1070,29,23,5,71,29.51,8,15,21,8,4
2024-08-28,Olivier Giroud,Training,TRN,TRAIN,2024-25,4362,1470,858,580,39,13,13,79,29.07,7,18,19,14,8
2024-08-28,Tammy Abraham,Training,TRN,TRAIN,2024-25,7387,2732,1150,627,21,20,6,64,28.24,7,11,16,13,5
2024-08-28,Armando Broja,Training,TRN,TRAIN,2024-25,5866,2214,1100,671,37,11,7,64,27.84,5,11,16,13,10
2024-08-28,Ross Barkley,Training,TRN,TRAIN,2024-25,7914,1925,1312,796,23,17,9,70,26.92,9,18,24,5,8
2024-08-28,Callum Hudson-Odoi,Training,TRN,TRAIN,2024-25,5338,1805,1574,791,25,11,5,60,27.61,9,10,23,5,9
2024-08-28,Emerson Palmieri,Training,TRN,TRAIN,2024-25,6668,2503,1286,945,40,15,10,60,26.78,5,15,21,7,7
2024-08-28,Ricardo Pereira,Training,TRN,TRAIN,2024-25,5408,2026,1464,477,34,17,14,77,25.98,6,19,25,5,6
2024-08-28,João Félix,Training,TRN,TRAIN,2024-25,4237,1399,886,535,27,11,12,78,27.12,10,11,19,7,10
2024-08-28,Hakim Ziyech,Training,TRN,TRAIN,2024-25,4498,1032,785,376,30,21,6,78,28.03,10,10,25,7,4
2024-08-30,Kepa Arrizabalaga,Training,TRN,TRAIN,2024-25,5095,1503,543,529,32,19,5,75,25.73,10,16,20,11,5
2024-08-30,Édouard Mendy,Training,TRN,TRAIN,2024-25,7702,2443,2249,1082,32,12,8,61,29.73,5,12,24,9,10
2024-08-30,Reece James,Training,TRN,TRAIN,2024-25,7959,2444,1275,848,22,14,10,80,27.99,10,15,19,9,10
2024-08-30,Ben Chilwell,Training,TRN,TRAIN,2024-25,7861,2447,1108,486,31,15,12,71,26.71,6,17,16,9,8
2024-08-30,César Azpilicueta,Training,TRN,TRAIN,2024-25,4977,1504,1153,362,39,11,6,84,27.18,5,18,20,5,6
2024-08-30,Andreas Christensen,Training,TRN,TRAIN,2024-25,7898,2286,2290,1116,29,15,5,61,28.8,5,17,20,11,4
2024-08-30,Marcos Alonso,Training,TRN,TRAIN,2024-25,5418,2063,1317,445,27,13,12,67,28.17,8,14,24,5,3
2024-08-30,N'Golo Kanté,Training,TRN,TRAIN,2024-25,6994,2169,1661,556,32,12,7,76,26.07,8,16,17,7,4
2024-08-30,Jorginho,Training,TRN,TRAIN,2024-25,4611,1290,542,632,32,18,12,77,28.61,6,10,24,10,6
2024-08-30,Mason Mount,Training,TRN,TRAIN,2024-25,6497,1380,822,540,31,13,5,62,27.9,5,13,16,9,8
2024-08-30,Kai Havertz,Training,TRN,TRAIN,2024-25,5754,1168,591,804,37,23,13,85,28.82,10,20,24,9,2
2024-08-30,Christian Pulisic,Training,TRN,TRAIN,2024-25,5896,1476,961,841,25,20,6,82,25.65,8,13,16,9,10
2024-08-30,Mateo Kovačić,Training,TRN,TRAIN,2024-25,4450,1636,991,279,24,25,13,61,25.25,6,15,20,6,8
2024-08-30,Conor Gallagher,Training,TRN,TRAIN,2024-25,6071,1575,1112,343,37,15,8,71,26.82,7,15,16,9,10
2024-08-30,Timo Werner,Training,TRN,TRAIN,2024-25,6846,1891,739,886,35,19,13,74,27.96,9,18,15,14,6
2024-08-30,Olivier Giroud,Training,TRN,TRAIN,2024-25,7691,1793,836,919,21,18,15,82,25.47,9,12,24,9,5
2024-08-30,Tammy Abraham,Training,TRN,TRAIN,2024-25,6495,1581,836,735,33,17,7,76,25.95,5,16,19,9,7
2024-08-30,Armando Broja,Training,TRN,TRAIN,2024-25,5552,1348,625,317,38,17,5,68,25.02,6,14,24,12,5
2024-08-30,Ross Barkley,Training,TRN,TRAIN,2024-25,7481,1539,890,824,25,18,6,66,27.97,10,13,17,7,5
2024-08-30,Callum Hudson-Odoi,Training,TRN,TRAIN,2024-25,5006,1808,577,478,35,15,13,67,28.8,10,14,18,7,5
2024-08-30,Emerson Palmieri,Training,TRN,TRAIN,2024-25,4848,1434,1358,345,33,12,5,71,28.16,10,16,25,5,3
2024-08-30,Ricardo Pereira,Training,TRN,TRAIN,2024-25,4934,1827,1442,445,29,21,13,75,28.83,6,20,24,12,6
2024-08-30,João Félix,Training,TRN,TRAIN,2024-25,6382,2224,1723,631,26,14,5,80,26.36,9,13,16,12,5
2024-08-30,Hakim Ziyech,Training,TRN,TRAIN,2024-25,4643,1045,1141,687,28,19,13,71,27.46,5,12,22,7,9
2024-08-31,Kepa Arrizabalaga,Match,ARS,Arsenal,2024-25,10251,3914,1632,938,24,19,8,91,33.25,5,20,17,14,8
2024-08-31,Édouard Mendy,Match,ARS,Arsenal,2024-25,11704,2436,3187,1350,34,20,11,90,34.95,8,14,20,9,10
2024-08-31,Reece James,Match,ARS,Arsenal,2024-25,10952,3681,1416,613,21,24,13,93,34.43,7,18,20,8,10
2024-08-31,Ben Chilwell,Match,ARS,Arsenal,2024-25,10427,4082,1361,675,35,14,14,92,30.46,9,20,18,14,4
2024-08-31,César Azpilicueta,Match,ARS,Arsenal,2024-25,11192,3566,3105,1455,24,12,6,95,32.26,8,18,22,13,8
2024-08-31,Andreas Christensen,Match,ARS,Arsenal,2024-25,10652,2647,2850,878,20,10,13,93,32.91,7,14,20,6,2
2024-08-31,Marcos Alonso,Match,ARS,Arsenal,2024-25,10119,2293,2431,573,32,16,5,94,33.79,9,15,15,14,10
2024-08-31,N'Golo Kanté,Match,ARS,Arsenal,2024-25,10633,2936,1952,1377,33,22,12,94,34.27,8,19,17,8,7
2024-08-31,Jorginho,Match,ARS,Arsenal,2024-25,10726,3955,2640,914,36,18,5,90,34.41,7,11,15,12,5
2024-08-31,Mason Mount,Match,ARS,Arsenal,2024-25,11398,4498,1313,1332,38,11,5,94,33.8,5,17,15,13,7
2024-08-31,Kai Havertz,Match,ARS,Arsenal,2024-25,11536,4024,2787,1599,36,17,9,92,30.16,10,20,15,12,7
2024-08-31,Christian Pulisic,Match,ARS,Arsenal,2024-25,10738,2859,2691,1082,30,14,15,92,33.56,9,18,17,8,6
2024-08-31,Mateo Kovačić,Match,ARS,Arsenal,2024-25,10962,2469,2215,1026,22,21,8,90,34.9,9,12,17,7,3
2024-08-31,Conor Gallagher,Match,ARS,Arsenal,2024-25,11281,4209,3258,1540,24,23,13,93,32.08,9,20,17,14,4
2024-08-31,Timo Werner,Match,ARS,Arsenal,2024-25,11085,2742,1972,1524,39,17,15,90,33.38,7,16,17,11,2
2024-08-31,Olivier Giroud,Match,ARS,Arsenal,2024-25,10245,3739,1635,1212,37,11,9,94,32.71,5,18,23,11,5
2024-08-31,Tammy Abraham,Match,ARS,Arsenal,2024-25,11921,2958,3177,1189,40,10,10,94,34.61,5,11,24,5,2
2024-08-31,Armando Broja,Match,ARS,Arsenal,2024-25,10066,2682,1509,589,32,16,15,95,33.64,6,18,23,13,2
2024-08-31,Ross Barkley,Match,ARS,Arsenal,2024-25,11766,2673,2989,766,38,17,8,90,32.76,8,16,19,5,3
2024-08-31,Callum Hudson-Odoi,Match,ARS,Arsenal,2024-25,11472,2982,1990,642,36,21,10,92,31.67,6,18,20,6,10
2024-08-31,Emerson Palmieri,Match,ARS,Arsenal,2024-25,11056,3956,1665,895,31,23,9,93,32.33,8,10,19,5,8
2024-08-31,Ricardo Pereira,Match,ARS,Arsenal,2024-25,11402,2385,2503,1632,25,15,5,95,30.73,6,11,18,15,5
2024-08-31,João Félix,Match,ARS,Arsenal,2024-25,10256,2924,2325,1008,37,23,8,92,30.74,5,14,21,12,10
2024-08-31,Hakim Ziyech,Match,ARS,Arsenal,2024-25,11832,2658,2360,1085,26,20,15,92,33.08,9,16,22,10,7
