date,player,Bio_completeness,Bio_composite,Msk_joint_range_completeness,Msk_joint_range_composite,Msk_load_tolerance_completeness,Msk_load_tolerance_composite,Subjective_completeness,Subjective_composite,Soreness_completeness,Soreness_composite,Sleep_completeness,Sleep_composite,emboss_baseline_score
2024-08-01,Kepa Arrizabalaga,0.92,5.78,0.99,6.16,0.91,2.46,0.81,-5.33,0.88,-8.2,0.95,-1.53,-0.11
2024-08-01,Édouard Mendy,0.92,-6.35,0.98,-8.46,0.85,-0.87,0.99,5.89,0.85,4.93,0.83,-7.24,-2.02
2024-08-01,Reece James,0.86,9.71,0.93,-8.36,0.86,4.02,0.94,7.97,0.9,-7.12,0.98,7.2,2.24
2024-08-01,Ben Chilwell,0.89,-6.09,0.97,-6.16,0.82,-4.64,0.89,-8.28,0.83,7.7,0.86,3.42,-2.34
2024-08-01,César Azpilicueta,0.92,4.62,,,0.86,8.37,0.81,-7.67,0.86,8.16,0.97,-8.08,1.08
2024-08-01,Andreas Christensen,0.98,6.27,,,0.91,8.82,1.0,-0.74,0.93,-9.81,,,1.13
2024-08-01,Marcos Alonso,0.81,7.46,0.82,3.63,0.85,2.06,0.98,6.26,0.83,8.6,,,5.6
2024-08-01,N'Golo Kanté,0.95,-4.1,0.9,7.13,0.91,-7.57,,,0.87,9.85,0.93,-6.89,-0.32
2024-08-01,Jorginho,0.94,7.67,0.83,-4.05,0.96,6.61,0.89,3.84,0.97,-2.46,0.95,-3.57,1.34
2024-08-01,Mason Mount,0.85,9.07,0.96,-6.63,,,0.89,9.17,0.95,2.4,0.99,-7.81,1.24
2024-08-01,Kai Havertz,0.81,-2.65,0.89,-4.89,0.85,-0.36,0.93,7.27,0.88,2.58,0.97,-1.86,0.01
2024-08-01,Christian Pulisic,,,0.91,1.63,0.97,7.12,0.83,5.45,0.83,-2.27,0.97,1.75,2.74
2024-08-01,Mateo Kovačić,0.92,7.84,,,0.86,3.62,0.97,-7.09,,,0.86,3.35,1.93
2024-08-01,Conor Gallagher,0.83,6.8,0.91,-2.38,0.97,6.78,0.95,-5.59,,,0.92,-9.32,-0.74
2024-08-01,Timo Werner,0.9,9.84,0.98,7.75,0.96,-6.45,0.84,-0.67,0.96,-4.06,0.88,-8.87,-0.41
2024-08-01,Olivier Giroud,0.85,-8.25,0.88,6.15,0.88,-5.9,,,0.94,-4.81,0.85,1.47,-2.27
2024-08-01,Tammy Abraham,,,0.98,2.55,0.81,8.42,0.91,-8.61,,,0.95,8.82,2.79
2024-08-01,Armando Broja,0.93,-1.66,0.93,4.49,0.97,-0.19,0.9,9.85,,,0.99,-8.26,0.85
2024-08-01,Ross Barkley,0.95,-2.14,0.85,-9.0,0.93,-9.51,0.81,-9.05,0.86,-4.97,,,-6.93
2024-08-01,Callum Hudson-Odoi,,,0.82,2.74,0.91,1.48,0.98,-6.39,0.82,4.21,0.94,-3.44,-0.28
2024-08-01,Emerson Palmieri,0.89,8.19,0.98,9.1,,,0.94,0.64,0.85,7.99,,,6.48
2024-08-01,Ricardo Pereira,0.89,6.34,0.97,-0.41,0.97,-6.56,0.86,2.3,0.89,3.16,0.89,8.35,2.2
2024-08-01,João Félix,0.81,8.82,0.92,-6.94,,,0.84,2.9,0.92,1.94,,,1.68
2024-08-01,Hakim Ziyech,0.98,-8.06,0.93,7.36,0.95,-2.44,0.86,-0.33,0.84,6.34,,,0.57
2024-08-02,Kepa Arrizabalaga,0.98,-7.68,0.83,-9.4,0.88,9.25,0.83,-8.96,0.84,4.68,0.89,-4.81,-2.82
2024-08-02,Édouard Mendy,,,0.85,5.72,0.84,4.02,0.93,-2.28,0.83,-1.6,0.93,-6.85,-0.2
2024-08-02,Reece James,0.94,-3.45,0.91,-5.48,0.95,-3.03,0.95,1.44,0.89,-3.48,0.99,-5.89,-3.31
2024-08-02,Ben Chilwell,0.85,8.12,0.89,-3.1,0.95,3.14,0.91,-9.34,0.84,6.09,0.97,-7.68,-0.46
2024-08-02,César Azpilicueta,,,1.0,-0.0,0.88,6.1,0.96,2.97,0.87,7.91,,,4.25
2024-08-02,Andreas Christensen,0.95,-8.45,0.93,-4.37,,,0.97,5.71,0.92,9.33,0.88,-4.51,-0.46
2024-08-02,Marcos Alonso,,,0.9,-0.88,0.95,-2.24,0.92,-2.36,0.95,-0.8,0.97,9.28,0.6
2024-08-02,N'Golo Kanté,0.96,1.28,0.9,2.13,0.82,6.59,0.92,-6.41,,,0.83,5.92,1.9
2024-08-02,Jorginho,0.82,-4.16,0.91,-3.9,0.81,0.62,0.98,6.75,0.96,8.02,0.84,-5.73,0.27
2024-08-02,Mason Mount,0.91,9.75,,,0.84,7.95,0.89,-0.24,,,0.92,-5.85,2.9
2024-08-02,Kai Havertz,0.86,-8.33,0.84,6.7,0.94,7.99,0.85,-6.88,0.86,-2.36,0.88,1.07,-0.3
2024-08-02,Christian Pulisic,0.96,-0.4,0.96,6.52,,,0.97,8.17,0.87,-6.45,0.91,-8.47,-0.13
2024-08-02,Mateo Kovačić,0.88,3.09,0.83,-6.59,1.0,-5.78,0.93,0.26,0.99,-6.89,1.0,7.38,-1.42
2024-08-02,Conor Gallagher,0.98,-3.77,0.85,7.8,0.81,8.63,0.93,3.89,0.85,-5.95,0.96,5.25,2.64
2024-08-02,Timo Werner,0.94,2.26,0.95,7.23,0.83,-6.04,,,0.98,-9.3,0.98,-2.55,-1.68
2024-08-02,Olivier Giroud,0.87,3.9,0.81,-9.18,0.87,-1.17,0.9,9.09,0.83,-1.34,0.85,3.83,0.85
2024-08-02,Tammy Abraham,,,0.87,-8.82,0.96,4.64,0.95,8.11,,,0.9,-3.54,0.1
2024-08-02,Armando Broja,0.86,7.44,0.87,7.71,0.98,7.88,0.82,-2.86,0.85,9.43,0.94,-4.03,4.26
2024-08-02,Ross Barkley,,,0.87,7.27,0.9,-8.21,0.86,-9.77,0.95,-4.8,0.94,-4.56,-4.01
2024-08-02,Callum Hudson-Odoi,0.9,7.4,0.85,0.45,,,0.81,-6.56,0.96,8.05,,,2.34
2024-08-02,Emerson Palmieri,0.92,-5.64,0.92,-0.42,0.82,-3.78,0.83,3.45,0.83,6.92,0.84,-5.24,-0.79
2024-08-02,Ricardo Pereira,0.98,-9.24,0.99,1.0,0.81,-6.55,1.0,8.62,,,0.94,-6.12,-2.46
2024-08-02,João Félix,,,0.99,-3.88,0.86,6.29,0.93,-6.78,0.93,9.58,0.96,-9.27,-0.81
2024-08-02,Hakim Ziyech,,,0.81,-0.28,0.94,-0.01,0.93,-8.75,,,1.0,-4.4,-3.36
2024-08-03,Kepa Arrizabalaga,0.94,-8.42,0.87,4.07,0.91,-1.49,0.91,-3.49,0.91,-8.69,1.0,-1.78,-3.3
2024-08-03,Édouard Mendy,0.93,-6.05,0.88,8.49,0.92,4.1,0.8,4.68,0.9,-5.97,0.84,-7.7,-0.41
2024-08-03,Reece James,0.84,2.79,0.84,8.89,0.9,-8.65,0.96,4.15,0.86,-3.43,,,0.75
2024-08-03,Ben Chilwell,0.99,-1.31,0.84,-7.1,0.99,-8.13,,,0.83,0.77,0.98,-5.11,-4.18
2024-08-03,César Azpilicueta,0.84,8.96,0.94,-4.54,0.87,6.27,0.91,-0.43,0.97,-6.57,0.82,2.18,0.98
2024-08-03,Andreas Christensen,0.87,-7.69,0.83,2.2,0.82,-8.39,0.94,-5.17,0.95,6.29,0.97,-9.1,-3.64
2024-08-03,Marcos Alonso,0.97,-3.54,0.95,-7.33,0.89,9.15,0.87,9.51,0.98,8.71,0.91,9.56,4.34
2024-08-03,N'Golo Kanté,0.92,-7.4,1.0,-0.97,0.93,0.31,0.83,-3.75,,,0.87,-7.83,-3.93
2024-08-03,Jorginho,0.98,-8.16,0.95,2.16,0.81,-2.0,0.82,1.69,0.84,6.83,0.81,-5.94,-0.9
2024-08-03,Mason Mount,0.92,1.55,0.96,-1.32,0.94,-9.0,0.88,-9.07,0.92,0.96,0.87,-5.87,-3.79
2024-08-03,Kai Havertz,0.92,-1.3,0.84,-8.76,0.9,-2.87,0.9,-2.8,0.81,-2.96,0.99,4.48,-2.37
2024-08-03,Christian Pulisic,1.0,-4.47,1.0,-8.19,0.85,0.99,0.86,-3.83,0.82,2.91,0.9,-7.42,-3.33
2024-08-03,Mateo Kovačić,0.86,-3.06,0.95,-8.38,0.94,-5.63,1.0,-2.2,0.93,-0.04,,,-3.86
2024-08-03,Conor Gallagher,0.95,7.82,0.98,-8.39,0.96,-0.08,0.85,2.09,0.84,7.92,0.96,-0.69,1.45
2024-08-03,Timo Werner,0.86,-7.4,0.85,-7.31,0.94,-0.35,0.81,1.17,,,0.85,5.18,-1.74
2024-08-03,Olivier Giroud,0.89,8.32,0.89,6.72,0.96,-2.18,0.98,-9.73,0.88,8.24,0.88,0.29,1.94
2024-08-03,Tammy Abraham,0.95,7.53,0.9,-3.75,,,0.85,-9.02,0.86,-1.52,0.83,-6.3,-2.61
2024-08-03,Armando Broja,0.81,4.92,0.89,-0.4,0.85,7.63,,,0.8,-9.82,,,0.58
2024-08-03,Ross Barkley,0.94,7.8,0.89,-9.82,0.82,3.68,,,0.89,-3.54,0.83,4.71,0.57
2024-08-03,Callum Hudson-Odoi,0.94,5.35,0.9,6.06,0.93,-1.84,0.91,2.75,0.96,-6.46,0.9,2.24,1.35
2024-08-03,Emerson Palmieri,0.89,9.47,0.95,-1.02,0.9,0.81,0.88,-8.5,0.88,-6.43,0.87,-7.62,-2.21
2024-08-03,Ricardo Pereira,0.92,4.55,1.0,-7.13,0.8,1.96,0.93,6.96,,,,,1.58
2024-08-03,João Félix,0.95,-5.25,0.83,7.55,0.91,-6.93,0.84,7.77,0.91,-1.26,0.88,5.26,1.19
2024-08-03,Hakim Ziyech,0.93,9.61,0.93,2.34,0.98,-2.25,,,0.82,-6.49,,,0.8
2024-08-04,Kepa Arrizabalaga,,,0.97,-9.47,0.99,-9.43,0.97,6.13,0.87,6.2,0.95,-0.77,-1.47
2024-08-04,Édouard Mendy,0.81,-9.82,0.88,-7.92,0.97,0.27,0.82,9.72,0.88,2.04,0.83,7.09,0.23
2024-08-04,Reece James,0.93,-6.3,0.85,-6.29,0.92,-4.18,0.94,-9.15,0.98,-0.91,0.83,-3.1,-4.99
2024-08-04,Ben Chilwell,0.9,-2.55,0.88,-7.16,0.83,9.64,0.83,2.0,0.9,-4.84,0.87,-1.49,-0.73
2024-08-04,César Azpilicueta,1.0,3.55,0.93,2.68,0.91,6.4,0.85,4.86,0.89,-5.99,0.9,-4.01,1.25
2024-08-04,Andreas Christensen,0.87,-3.04,0.99,-4.74,0.85,6.99,0.98,2.29,0.88,2.08,0.85,5.13,1.45
2024-08-04,Marcos Alonso,0.96,-6.51,0.98,2.57,0.99,-7.91,0.96,4.97,0.9,-6.16,1.0,-6.99,-3.34
2024-08-04,N'Golo Kanté,0.85,-8.59,0.91,9.2,0.97,-8.27,0.82,-1.69,0.92,7.91,0.99,7.51,1.01
2024-08-04,Jorginho,0.85,3.06,0.95,-2.41,0.89,0.67,0.82,-2.29,0.88,-7.22,0.97,-9.77,-2.99
2024-08-04,Mason Mount,0.81,8.16,0.95,-4.4,,,0.95,-0.13,0.8,3.64,0.91,4.04,2.26
2024-08-04,Kai Havertz,0.93,7.71,0.94,8.15,0.97,-2.88,0.86,-7.37,0.95,-9.18,0.89,-7.23,-1.8
2024-08-04,Christian Pulisic,0.88,4.07,0.92,-8.28,0.84,6.3,0.81,6.87,0.91,7.98,0.88,2.27,3.2
2024-08-04,Mateo Kovačić,0.96,-8.1,0.85,6.56,0.9,3.74,0.86,-1.91,0.94,4.62,0.93,5.53,1.74
2024-08-04,Conor Gallagher,0.98,-5.52,0.8,-0.22,0.9,-0.29,0.88,4.89,0.9,-2.3,0.84,-2.06,-0.92
2024-08-04,Timo Werner,0.89,-8.66,0.98,9.75,0.91,-9.3,0.96,4.85,,,0.9,8.06,0.94
2024-08-04,Olivier Giroud,0.95,7.37,0.83,5.94,0.81,-4.86,0.86,-3.84,0.82,-8.08,0.92,4.38,0.15
2024-08-04,Tammy Abraham,0.99,0.19,0.99,-6.73,0.84,-1.98,0.83,0.46,1.0,6.29,0.88,2.27,0.08
2024-08-04,Armando Broja,0.83,0.09,0.8,-8.07,0.98,-5.6,0.84,-4.18,0.88,-2.09,0.93,-4.89,-4.12
2024-08-04,Ross Barkley,0.93,-9.33,0.89,-2.32,0.85,7.43,,,0.96,-9.1,0.82,6.33,-1.4
2024-08-04,Callum Hudson-Odoi,0.91,8.98,0.84,-5.52,0.88,5.12,0.96,2.91,0.99,-6.16,0.87,-1.33,0.67
2024-08-04,Emerson Palmieri,0.89,-6.54,,,0.98,-8.78,0.82,-8.23,0.9,-7.96,0.91,8.04,-4.69
2024-08-04,Ricardo Pereira,0.89,1.37,,,,,1.0,-9.92,0.88,8.64,0.88,4.46,1.14
2024-08-04,João Félix,0.93,8.89,0.87,9.78,0.9,-2.78,,,1.0,-4.46,0.96,-2.2,1.85
2024-08-04,Hakim Ziyech,0.96,8.14,0.86,1.27,0.84,-2.4,0.85,8.2,0.92,-0.96,0.94,9.63,3.98
2024-08-05,Kepa Arrizabalaga,0.8,-1.69,1.0,-8.07,1.0,-4.67,0.98,7.41,0.88,-7.46,0.99,4.32,-1.69
2024-08-05,Édouard Mendy,0.88,7.65,0.97,-4.0,0.88,-4.42,0.81,-9.24,0.88,6.3,,,-0.74
2024-08-05,Reece James,0.91,-1.49,0.97,3.24,0.98,6.05,0.85,0.19,0.95,-9.85,0.8,-9.07,-1.82
2024-08-05,Ben Chilwell,0.88,7.36,0.82,4.77,0.81,5.94,0.98,-8.16,0.95,6.3,0.96,3.97,3.36
2024-08-05,César Azpilicueta,0.93,8.74,1.0,2.67,0.93,0.15,0.93,-8.96,0.94,-1.3,0.92,-1.3,-0.0
2024-08-05,Andreas Christensen,0.98,0.39,0.83,5.5,0.98,-0.84,0.94,-5.34,0.9,3.41,0.87,4.82,1.32
2024-08-05,Marcos Alonso,0.86,7.88,0.93,3.3,0.86,5.06,0.92,1.69,0.85,3.56,0.82,-8.65,2.14
2024-08-05,N'Golo Kanté,0.82,0.5,0.87,3.51,0.9,-6.96,0.86,-0.48,0.93,-5.53,,,-1.79
2024-08-05,Jorginho,0.87,-0.41,0.91,4.08,,,0.83,-7.1,0.97,5.49,0.9,-9.89,-1.57
2024-08-05,Mason Mount,0.86,7.86,0.87,-9.71,0.92,-8.74,0.97,4.51,0.99,-1.24,0.98,6.55,-0.13
2024-08-05,Kai Havertz,0.95,4.11,0.96,1.69,0.9,7.59,0.91,0.1,0.93,6.51,0.82,3.82,3.97
2024-08-05,Christian Pulisic,0.88,5.45,0.87,6.01,0.8,7.2,0.88,-5.61,0.99,-1.95,0.95,-5.68,0.9
2024-08-05,Mateo Kovačić,0.82,-7.78,0.87,6.61,0.87,-8.55,0.8,-9.71,0.91,-2.11,0.84,-7.75,-4.88
2024-08-05,Conor Gallagher,0.93,-1.92,0.82,-2.87,0.87,8.84,0.82,-6.44,0.87,4.32,0.8,8.69,1.77
2024-08-05,Timo Werner,0.83,9.34,0.97,-7.37,0.85,-4.03,0.98,-1.8,0.93,8.49,1.0,-8.17,-0.59
2024-08-05,Olivier Giroud,0.95,-2.44,0.97,-8.14,1.0,-9.06,0.82,-8.6,0.86,7.45,0.89,5.39,-2.57
2024-08-05,Tammy Abraham,0.81,0.78,,,0.84,-9.55,0.91,4.89,0.91,-0.03,0.96,3.51,-0.08
2024-08-05,Armando Broja,0.91,-4.07,,,0.93,-5.06,,,0.87,-9.03,0.88,6.82,-2.83
2024-08-05,Ross Barkley,0.93,-8.81,0.84,-6.18,0.9,-7.21,0.95,-9.9,0.86,5.95,1.0,9.49,-2.78
2024-08-05,Callum Hudson-Odoi,0.95,-5.15,0.95,6.1,0.83,-5.52,0.86,-0.77,0.82,-3.67,0.91,6.82,-0.36
2024-08-05,Emerson Palmieri,0.97,6.25,0.83,-7.17,0.84,-2.32,0.88,-2.53,0.84,-0.98,0.81,6.99,0.04
2024-08-05,Ricardo Pereira,,,0.84,-1.21,0.82,-5.21,,,0.82,-1.13,0.9,1.57,-1.49
2024-08-05,João Félix,0.98,-3.9,0.96,-4.97,0.9,-3.73,0.99,9.97,0.94,-6.2,0.96,-3.64,-2.08
2024-08-05,Hakim Ziyech,0.95,9.15,0.93,-6.71,0.97,3.6,0.88,-9.34,0.91,0.06,0.82,6.16,0.49
2024-08-06,Kepa Arrizabalaga,1.0,-4.59,0.85,-6.28,0.81,-0.31,0.81,-0.28,0.93,1.96,0.87,-5.61,-2.52
2024-08-06,Édouard Mendy,0.94,-5.09,0.86,-1.28,0.82,2.81,0.88,-0.59,0.93,-1.86,0.83,4.79,-0.2
2024-08-06,Reece James,0.84,4.24,0.89,-0.66,0.83,-0.91,0.98,1.91,0.99,2.86,0.88,-4.45,0.5
2024-08-06,Ben Chilwell,,,0.81,-0.19,0.98,6.46,0.88,5.25,,,0.83,4.21,3.93
2024-08-06,César Azpilicueta,0.99,-6.17,0.87,6.75,0.93,1.69,0.93,-9.77,0.81,-1.34,0.81,-2.44,-1.88
2024-08-06,Andreas Christensen,0.9,-9.71,0.83,4.49,,,0.92,2.76,,,0.83,3.78,0.33
2024-08-06,Marcos Alonso,0.88,8.61,0.94,3.53,0.89,-0.9,,,0.8,-3.18,0.96,-8.86,-0.16
2024-08-06,N'Golo Kanté,0.98,-2.01,0.83,9.49,0.92,7.47,,,0.92,0.79,0.8,-9.61,1.23
2024-08-06,Jorginho,0.86,1.8,0.85,-4.96,0.85,-3.87,0.93,-0.7,0.97,-1.0,,,-1.75
2024-08-06,Mason Mount,0.96,-0.37,0.83,-2.81,0.91,4.77,0.85,4.03,,,0.92,-6.47,-0.17
2024-08-06,Kai Havertz,,,1.0,0.34,0.86,-4.85,0.85,-2.22,0.92,-9.83,0.8,-7.84,-4.88
2024-08-06,Christian Pulisic,0.9,7.18,0.9,-1.71,,,0.97,3.81,0.94,3.99,0.99,5.36,3.73
2024-08-06,Mateo Kovačić,0.8,5.82,0.96,-7.75,0.87,9.01,,,0.87,-3.93,0.95,-1.48,0.33
2024-08-06,Conor Gallagher,0.83,-9.97,0.98,-6.91,0.85,8.86,,,0.95,3.62,0.9,9.49,1.02
2024-08-06,Timo Werner,0.89,5.77,0.86,-4.33,0.84,-8.11,,,0.99,1.05,0.93,-5.03,-2.13
2024-08-06,Olivier Giroud,0.95,0.23,0.93,-4.87,0.92,8.09,0.99,6.54,0.81,4.56,1.0,4.7,3.21
2024-08-06,Tammy Abraham,0.92,7.64,0.83,0.22,,,0.98,-0.89,0.9,8.74,,,3.93
2024-08-06,Armando Broja,0.84,-8.84,0.99,6.39,0.99,7.87,0.85,-2.1,0.83,-3.94,0.9,0.32,-0.05
2024-08-06,Ross Barkley,0.86,-5.03,0.95,2.89,0.84,-5.31,0.8,-8.88,0.91,3.87,0.9,-1.91,-2.4
2024-08-06,Callum Hudson-Odoi,0.92,-5.73,0.98,-2.85,0.91,5.92,0.84,-3.09,0.92,0.4,0.9,9.47,0.69
2024-08-06,Emerson Palmieri,0.96,-2.76,0.83,-9.97,1.0,4.14,0.93,-0.77,0.96,-7.68,0.9,-4.04,-3.51
2024-08-06,Ricardo Pereira,0.94,9.24,0.84,-8.2,0.88,-1.75,,,0.94,-0.14,0.92,6.1,1.05
2024-08-06,João Félix,0.84,-4.6,0.84,8.91,0.98,5.04,0.95,-8.99,0.91,-7.88,0.92,-4.67,-2.03
2024-08-06,Hakim Ziyech,,,0.82,-5.89,0.85,-8.67,0.91,8.21,1.0,-0.31,0.83,9.25,0.52
2024-08-07,Kepa Arrizabalaga,0.95,9.96,0.89,4.08,0.99,-5.64,,,0.84,-4.13,0.81,-5.78,-0.3
2024-08-07,Édouard Mendy,,,0.97,3.29,0.99,-1.2,0.97,1.33,0.84,-6.79,0.93,7.59,0.84
2024-08-07,Reece James,0.84,-6.65,0.89,0.24,0.93,0.79,0.91,2.6,1.0,7.12,0.82,0.92,0.84
2024-08-07,Ben Chilwell,0.96,-1.93,0.96,7.64,0.85,6.0,0.94,2.91,,,,,3.65
2024-08-07,César Azpilicueta,0.95,5.93,1.0,9.05,0.85,-4.94,0.81,-5.28,0.92,2.13,0.91,4.17,1.84
2024-08-07,Andreas Christensen,0.93,-9.0,0.96,-6.17,,,0.9,4.1,0.92,0.24,,,-2.71
2024-08-07,Marcos Alonso,,,0.98,-0.61,1.0,6.5,0.81,-4.12,,,0.92,-5.68,-0.98
2024-08-07,N'Golo Kanté,0.95,5.72,,,0.83,-3.49,0.86,2.42,0.92,-3.62,0.93,-5.78,-0.95
2024-08-07,Jorginho,,,0.98,-6.78,0.86,-5.53,0.93,0.73,0.95,8.78,0.85,-9.0,-2.36
2024-08-07,Mason Mount,0.99,8.66,,,0.96,-2.88,0.97,-6.3,0.91,-1.75,0.88,-4.28,-1.31
2024-08-07,Kai Havertz,0.95,-8.6,0.99,-3.94,,,0.95,-3.04,0.83,7.27,0.94,-5.62,-2.79
2024-08-07,Christian Pulisic,0.95,9.86,0.83,-5.29,0.86,5.66,,,0.96,9.22,0.95,-6.54,2.58
2024-08-07,Mateo Kovačić,,,0.93,6.68,0.99,-9.66,0.87,-7.27,,,0.87,0.27,-2.5
2024-08-07,Conor Gallagher,0.95,-0.63,0.86,-3.96,0.86,-2.14,0.98,-2.22,,,0.94,-5.24,-2.84
2024-08-07,Timo Werner,0.82,-6.17,0.93,-7.45,0.82,4.57,,,1.0,-1.91,0.9,-0.09,-2.21
2024-08-07,Olivier Giroud,0.81,6.36,0.82,-9.52,0.88,1.39,0.81,-7.77,,,,,-2.38
2024-08-07,Tammy Abraham,0.93,8.64,0.86,9.52,0.8,-1.15,0.91,2.09,0.93,-7.44,0.94,-9.24,0.4
2024-08-07,Armando Broja,0.83,-7.6,0.82,5.96,0.84,-2.2,0.99,-3.1,0.84,8.95,,,0.4
2024-08-07,Ross Barkley,0.95,4.61,0.82,-3.03,,,0.96,3.95,0.95,4.93,0.94,-1.32,1.83
2024-08-07,Callum Hudson-Odoi,0.94,6.25,0.87,-0.5,0.89,-8.9,,,,,0.89,9.14,1.5
2024-08-07,Emerson Palmieri,0.94,-5.5,0.99,-3.9,0.9,-4.87,0.82,6.54,0.8,5.29,0.98,6.37,0.66
2024-08-07,Ricardo Pereira,,,,,0.94,3.47,,,0.83,-7.89,0.98,-0.18,-1.53
2024-08-07,João Félix,0.9,5.35,0.91,-6.7,0.94,-4.83,0.83,1.1,0.81,-3.64,0.81,4.53,-0.7
2024-08-07,Hakim Ziyech,0.86,-1.83,0.88,-0.33,0.99,-0.2,,,0.99,8.26,0.95,-2.82,0.62
2024-08-08,Kepa Arrizabalaga,0.89,1.87,0.88,-2.11,0.96,-5.87,0.97,4.04,,,0.93,-9.63,-2.34
2024-08-08,Édouard Mendy,0.86,7.98,0.81,4.7,0.91,-9.58,0.86,-1.52,0.92,0.96,,,0.51
2024-08-08,Reece James,0.8,-7.41,0.92,5.23,0.88,2.19,0.9,0.17,0.82,-0.38,0.84,-0.67,-0.14
2024-08-08,Ben Chilwell,0.88,5.59,0.84,-1.76,0.91,-7.31,0.96,-6.97,0.81,9.72,0.88,-4.56,-0.88
2024-08-08,César Azpilicueta,0.83,7.31,0.86,1.62,0.86,9.13,0.95,-3.66,0.83,-9.83,0.96,-0.7,0.65
2024-08-08,Andreas Christensen,0.99,5.63,0.93,2.29,,,0.95,0.92,0.92,-5.19,0.92,0.03,0.74
2024-08-08,Marcos Alonso,0.97,-7.64,0.81,-4.55,0.88,-8.7,0.87,7.55,0.92,8.64,0.95,-7.53,-2.04
2024-08-08,N'Golo Kanté,0.95,8.23,0.99,-5.29,0.87,8.19,0.98,-5.63,0.91,7.34,0.87,8.93,3.63
2024-08-08,Jorginho,0.96,8.02,0.92,8.53,0.84,6.88,,,0.9,2.43,0.96,1.47,5.47
2024-08-08,Mason Mount,0.85,-0.37,,,0.97,-7.69,0.99,2.32,0.83,6.14,0.96,8.76,1.83
2024-08-08,Kai Havertz,0.92,-5.6,0.99,-7.69,0.85,-6.54,1.0,-9.6,,,0.8,8.09,-4.27
2024-08-08,Christian Pulisic,0.99,4.97,0.85,-8.96,0.88,0.46,0.83,4.05,0.82,1.42,0.93,-4.9,-0.49
2024-08-08,Mateo Kovačić,0.81,9.51,0.84,-0.56,0.97,1.07,0.99,-8.07,0.97,-1.07,0.85,7.39,1.38
2024-08-08,Conor Gallagher,0.93,9.22,0.98,-8.64,0.85,-3.94,0.99,-4.24,0.99,-1.14,0.83,-5.23,-2.33
2024-08-08,Timo Werner,0.84,9.47,0.85,3.13,0.86,1.11,1.0,-3.52,0.94,-7.47,0.83,8.09,1.8
2024-08-08,Olivier Giroud,0.95,-9.96,0.81,6.31,0.87,8.75,0.9,6.36,0.92,-0.72,0.96,-3.11,1.27
2024-08-08,Tammy Abraham,0.88,5.58,0.88,-1.74,0.9,-4.79,0.94,-8.5,0.93,-5.0,0.89,-7.91,-3.73
2024-08-08,Armando Broja,0.83,-6.38,0.91,-7.06,0.89,-5.44,,,0.97,2.4,,,-4.12
2024-08-08,Ross Barkley,0.91,-0.84,1.0,-5.97,0.86,3.59,0.88,4.09,0.88,1.83,0.97,9.25,1.99
2024-08-08,Callum Hudson-Odoi,0.87,-3.71,0.98,8.86,0.9,-8.66,0.86,-8.17,0.81,4.2,,,-1.5
2024-08-08,Emerson Palmieri,0.95,7.09,0.87,-9.47,,,0.9,-9.9,0.99,-1.48,0.86,-4.52,-3.66
2024-08-08,Ricardo Pereira,0.85,-5.59,0.95,8.39,0.99,-5.95,0.93,-5.7,0.9,9.95,0.9,-4.0,-0.48
2024-08-08,João Félix,0.95,8.49,0.82,-3.31,0.96,7.72,0.99,7.36,0.82,-2.12,0.9,-8.8,1.56
2024-08-08,Hakim Ziyech,0.96,-2.25,,,0.85,-7.77,0.88,9.83,0.98,-4.66,0.93,-5.0,-1.97
2024-08-09,Kepa Arrizabalaga,,,0.99,5.64,0.99,2.22,0.83,-8.37,0.84,-0.81,0.9,2.46,0.23
2024-08-09,Édouard Mendy,0.85,1.56,0.82,8.37,0.93,-2.3,0.95,-1.96,0.98,-3.14,0.89,-1.32,0.2
2024-08-09,Reece James,0.89,-3.01,0.84,4.69,,,0.81,-3.23,0.83,-7.05,0.86,-7.68,-3.26
2024-08-09,Ben Chilwell,0.8,-0.52,0.97,0.46,0.95,-0.66,0.96,-8.62,0.89,1.65,,,-1.54
2024-08-09,César Azpilicueta,0.94,8.95,0.95,-8.08,0.97,-3.32,0.84,9.53,0.92,-8.57,0.93,-0.97,-0.41
2024-08-09,Andreas Christensen,0.99,2.64,0.85,8.12,0.83,-7.24,0.92,5.52,,,1.0,-2.08,1.39
2024-08-09,Marcos Alonso,0.82,10.0,,,0.81,7.76,0.95,1.69,0.98,6.34,0.89,2.03,5.56
2024-08-09,N'Golo Kanté,,,0.86,-0.88,,,0.92,3.22,0.88,-9.56,0.93,0.71,-1.63
2024-08-09,Jorginho,0.89,5.13,0.93,3.35,0.94,-0.53,0.97,1.29,0.94,1.83,0.98,-4.03,1.17
2024-08-09,Mason Mount,0.85,6.56,0.82,3.74,0.9,7.92,0.9,-3.43,0.88,-3.58,0.92,-3.16,1.34
2024-08-09,Kai Havertz,0.95,8.6,0.87,-0.87,0.87,3.97,0.81,-6.91,0.83,-2.07,0.93,-8.77,-1.01
2024-08-09,Christian Pulisic,0.98,-7.23,0.84,-8.48,,,0.99,0.24,0.95,-5.71,0.88,-0.99,-4.43
2024-08-09,Mateo Kovačić,0.83,-6.08,0.82,0.68,0.97,1.12,0.84,-5.47,0.93,-0.46,0.97,-3.36,-2.26
2024-08-09,Conor Gallagher,0.9,3.83,0.92,7.34,0.83,3.7,0.86,-0.51,0.84,0.96,0.89,1.82,2.86
2024-08-09,Timo Werner,,,0.98,-9.84,,,0.81,-5.9,0.98,9.82,0.9,-1.23,-1.79
2024-08-09,Olivier Giroud,,,,,0.96,5.19,0.9,-2.06,,,0.94,2.69,1.94
2024-08-09,Tammy Abraham,0.8,-5.75,0.95,4.5,0.91,6.48,0.91,5.62,0.99,3.41,0.83,-6.34,1.32
2024-08-09,Armando Broja,0.97,-9.1,0.88,-7.49,,,,,,,0.92,-4.34,-6.98
2024-08-09,Ross Barkley,0.96,-9.87,0.97,3.42,,,0.87,2.58,,,0.82,0.97,-0.72
2024-08-09,Callum Hudson-Odoi,0.85,-7.14,0.96,3.22,0.95,-8.67,0.93,-8.23,0.88,5.73,0.85,7.8,-1.21
2024-08-09,Emerson Palmieri,0.97,-3.82,0.95,5.29,0.88,9.55,0.96,-4.44,0.9,2.53,0.83,-6.39,0.45
2024-08-09,Ricardo Pereira,0.88,9.04,,,0.83,8.31,0.96,2.89,0.83,9.91,0.98,-7.3,4.57
2024-08-09,João Félix,0.8,-0.0,0.89,-3.1,0.95,7.4,0.93,2.28,0.89,-4.03,0.94,-6.82,-0.71
2024-08-09,Hakim Ziyech,0.91,1.91,0.85,-7.99,0.99,-2.79,,,0.88,-4.84,0.95,-9.43,-4.63
2024-08-10,Kepa Arrizabalaga,0.83,3.04,0.88,5.36,0.97,0.04,0.88,4.01,,,0.92,-5.32,1.43
2024-08-10,Édouard Mendy,0.95,-8.69,0.93,6.62,0.92,0.59,0.88,-4.42,,,0.89,4.43,-0.29
2024-08-10,Reece James,0.87,8.72,0.89,-2.45,0.91,2.1,0.99,-8.13,,,0.88,2.93,0.63
2024-08-10,Ben Chilwell,0.89,-4.73,0.94,-0.48,0.83,7.05,,,0.92,1.12,0.94,8.97,2.39
2024-08-10,César Azpilicueta,0.82,7.11,,,0.83,2.34,1.0,-3.58,0.83,7.05,0.86,0.13,2.61
2024-08-10,Andreas Christensen,0.85,5.68,0.86,-1.84,0.9,3.19,0.98,-9.5,0.95,10.0,0.98,6.43,2.33
2024-08-10,Marcos Alonso,0.88,-0.81,,,0.95,8.58,0.94,-3.83,,,1.0,1.03,1.24
2024-08-10,N'Golo Kanté,0.97,-6.76,0.8,7.23,0.97,-6.95,0.98,-3.65,0.87,9.4,0.84,0.56,-0.03
2024-08-10,Jorginho,0.98,4.6,0.9,3.89,0.97,-9.82,0.86,9.11,0.94,9.49,0.87,-2.08,2.53
2024-08-10,Mason Mount,,,0.99,-3.8,0.99,-3.41,0.9,-5.98,0.86,0.48,0.8,-7.24,-3.99
2024-08-10,Kai Havertz,0.84,1.7,0.9,4.03,0.83,2.86,0.97,-3.19,0.96,5.56,,,2.19
2024-08-10,Christian Pulisic,0.81,-9.76,0.81,4.2,0.82,-9.85,0.86,-0.83,0.8,-9.0,,,-5.05
2024-08-10,Mateo Kovačić,0.91,-1.27,0.9,9.33,0.87,3.58,0.81,1.77,,,0.83,9.0,4.48
2024-08-10,Conor Gallagher,0.98,-1.19,0.85,-8.96,0.96,6.26,,,0.97,-4.87,0.89,-6.75,-3.1
2024-08-10,Timo Werner,0.89,-9.23,0.82,2.32,0.84,5.94,0.98,0.55,0.99,8.61,0.98,-0.17,1.34
2024-08-10,Olivier Giroud,0.96,2.43,0.97,2.19,0.99,0.28,0.98,8.99,0.99,7.01,0.96,3.36,4.04
2024-08-10,Tammy Abraham,0.9,8.4,0.97,-4.42,0.89,-6.94,0.86,-0.3,0.83,-9.83,0.82,-5.35,-3.07
2024-08-10,Armando Broja,0.98,-9.72,0.83,7.91,0.88,-4.53,0.85,-3.83,0.82,-6.31,0.87,-5.25,-3.62
2024-08-10,Ross Barkley,0.9,-4.88,0.97,-4.46,0.95,4.89,1.0,6.19,0.84,3.14,0.93,-3.69,0.2
2024-08-10,Callum Hudson-Odoi,0.97,-0.72,0.97,-7.22,0.99,2.45,1.0,-1.91,0.87,8.61,0.87,-9.86,-1.44
2024-08-10,Emerson Palmieri,,,0.97,-9.02,0.8,-0.33,,,0.93,8.68,0.97,-4.84,-1.38
2024-08-10,Ricardo Pereira,0.95,4.61,0.94,0.36,0.96,1.31,0.98,-4.41,0.92,-4.34,0.81,3.52,0.18
2024-08-10,João Félix,0.96,2.9,0.89,5.21,0.84,-5.97,0.87,3.39,0.85,-7.68,0.87,-9.18,-1.89
2024-08-10,Hakim Ziyech,,,0.81,-5.92,0.9,3.26,0.84,-7.0,0.92,3.94,0.81,-0.18,-1.18
2024-08-11,Kepa Arrizabalaga,0.86,8.22,,,0.87,-7.96,0.96,9.07,0.93,6.46,0.83,8.8,4.92
2024-08-11,Édouard Mendy,0.98,7.71,0.84,-7.69,0.85,0.55,0.9,-9.73,,,0.96,1.75,-1.48
2024-08-11,Reece James,0.91,-6.79,0.89,2.81,0.82,7.91,0.95,1.11,0.96,1.44,0.83,-9.05,-0.43
2024-08-11,Ben Chilwell,,,0.81,7.65,0.82,-9.32,0.97,-6.87,0.92,-9.26,0.87,-3.46,-4.25
2024-08-11,César Azpilicueta,0.85,-9.81,0.86,-2.85,0.82,-6.4,0.89,2.0,0.92,7.56,0.98,-8.43,-2.99
2024-08-11,Andreas Christensen,0.93,4.87,,,0.84,-9.13,0.88,5.08,0.94,-5.31,0.89,3.7,-0.16
2024-08-11,Marcos Alonso,0.83,4.7,0.99,-0.3,0.93,0.29,0.91,-8.32,0.98,0.6,0.83,-8.49,-1.92
2024-08-11,N'Golo Kanté,0.89,-3.45,,,0.99,-3.05,0.83,0.34,0.85,-6.41,0.84,0.25,-2.46
2024-08-11,Jorginho,0.94,5.15,0.96,-8.18,0.99,2.4,0.95,0.71,0.96,-5.83,0.92,-9.22,-2.5
2024-08-11,Mason Mount,0.95,-0.04,0.94,9.73,0.96,0.65,0.9,1.93,0.98,2.95,0.81,1.17,2.73
2024-08-11,Kai Havertz,0.82,7.94,0.85,9.31,0.87,2.09,0.86,-5.35,0.81,0.87,0.99,-7.13,1.29
2024-08-11,Christian Pulisic,0.92,2.14,0.84,7.93,0.83,-6.53,0.85,3.86,,,0.82,-7.11,0.06
2024-08-11,Mateo Kovačić,0.93,0.37,0.94,-0.91,0.94,7.87,0.96,-3.11,0.99,7.17,,,2.28
2024-08-11,Conor Gallagher,0.89,4.67,0.97,5.49,,,0.86,-4.36,0.82,-7.3,0.9,1.49,-0.0
2024-08-11,Timo Werner,,,0.99,0.94,0.92,0.27,0.91,-0.51,0.96,-5.23,0.98,-3.45,-1.6
2024-08-11,Olivier Giroud,0.95,8.72,0.88,1.19,0.98,0.61,0.91,-6.33,0.85,-6.99,,,-0.56
2024-08-11,Tammy Abraham,,,0.95,9.57,0.89,3.09,0.88,-4.08,0.94,1.29,0.85,6.96,3.37
2024-08-11,Armando Broja,0.9,-6.36,0.87,3.35,0.97,-1.02,0.98,-3.75,0.95,-0.49,0.92,8.17,-0.02
2024-08-11,Ross Barkley,0.91,6.71,0.8,1.92,,,0.98,-1.2,0.9,-6.49,0.81,8.43,1.87
2024-08-11,Callum Hudson-Odoi,0.98,-5.96,0.95,7.73,0.9,2.8,0.96,8.39,0.92,4.56,0.83,-0.24,2.88
2024-08-11,Emerson Palmieri,0.97,-9.4,1.0,-1.78,,,0.99,-0.93,0.87,5.78,0.9,5.33,-0.2
2024-08-11,Ricardo Pereira,0.96,-2.82,0.81,-3.19,,,,,0.85,8.64,0.81,-3.02,-0.1
2024-08-11,João Félix,0.82,6.79,0.89,4.58,0.84,8.84,0.98,7.74,0.92,7.44,0.84,9.68,7.51
2024-08-11,Hakim Ziyech,0.95,2.6,0.88,0.92,0.88,-3.19,1.0,-1.74,0.88,-9.53,0.94,-7.88,-3.14
2024-08-12,Kepa Arrizabalaga,0.81,-6.47,0.99,9.57,0.95,5.41,,,0.98,-5.19,,,0.83
2024-08-12,Édouard Mendy,0.85,8.72,0.95,3.88,0.94,-1.03,0.83,-4.91,0.83,-8.17,0.9,6.62,0.85
2024-08-12,Reece James,0.88,4.2,0.99,-7.96,0.96,-1.36,0.88,-7.44,0.96,3.59,0.85,-2.57,-1.92
2024-08-12,Ben Chilwell,,,,,0.81,6.82,0.95,6.23,0.88,1.56,0.91,-6.86,1.94
2024-08-12,César Azpilicueta,0.85,3.62,0.91,1.25,0.99,1.15,0.93,-4.34,0.95,-7.83,0.81,-6.45,-2.1
2024-08-12,Andreas Christensen,0.95,-9.7,0.8,-0.33,0.94,8.14,0.9,-2.45,0.89,1.97,0.86,-6.76,-1.52
2024-08-12,Marcos Alonso,0.81,6.46,0.94,4.53,0.97,0.44,0.93,1.36,0.94,9.2,,,4.4
2024-08-12,N'Golo Kanté,0.85,-5.2,0.95,-1.63,0.84,-6.47,0.92,-7.73,,,0.92,-6.41,-5.49
2024-08-12,Jorginho,0.91,-5.45,0.87,-9.21,0.93,4.42,0.82,-0.45,,,0.82,-6.07,-3.35
2024-08-12,Mason Mount,,,0.83,6.59,0.98,-4.58,0.94,-5.32,0.8,-6.35,0.82,9.73,0.01
2024-08-12,Kai Havertz,0.88,8.53,,,,,0.85,5.19,0.98,-5.03,0.82,-2.52,1.54
2024-08-12,Christian Pulisic,0.85,2.76,0.87,-4.27,0.89,-1.99,0.96,0.05,0.87,-6.8,0.92,5.35,-0.82
2024-08-12,Mateo Kovačić,0.85,1.67,0.83,-2.73,0.96,-2.71,0.93,-8.44,0.98,-6.99,0.97,-8.78,-4.66
2024-08-12,Conor Gallagher,0.87,5.14,0.94,-6.88,0.95,-1.74,0.95,-5.5,0.97,-5.4,0.89,-6.91,-3.55
2024-08-12,Timo Werner,0.9,1.97,0.82,7.51,0.91,-9.38,0.85,0.79,0.91,-8.45,0.92,-5.21,-2.13
2024-08-12,Olivier Giroud,0.92,3.01,0.88,-9.7,0.89,9.47,0.92,-6.02,0.98,-3.19,0.99,-3.02,-1.57
2024-08-12,Tammy Abraham,0.88,4.96,0.96,0.89,0.94,-8.29,0.84,0.08,0.81,-4.86,0.99,1.25,-0.99
2024-08-12,Armando Broja,0.93,-4.87,1.0,0.99,,,0.86,1.77,0.88,3.3,0.95,-5.22,-0.81
2024-08-12,Ross Barkley,0.8,-8.43,0.87,-1.71,0.91,9.97,0.84,1.47,,,0.92,-5.85,-0.91
2024-08-12,Callum Hudson-Odoi,0.99,-7.92,0.85,-8.96,,,0.88,-7.89,0.97,-1.83,0.8,-9.76,-7.27
2024-08-12,Emerson Palmieri,,,0.89,-1.1,0.88,-9.01,0.94,-7.19,0.96,-2.4,0.84,9.35,-2.07
2024-08-12,Ricardo Pereira,0.8,-1.92,0.87,2.77,,,0.82,-9.66,0.96,-8.57,1.0,-9.0,-5.28
2024-08-12,João Félix,0.83,8.32,0.87,8.38,,,,,0.8,1.09,0.84,-6.15,2.91
2024-08-12,Hakim Ziyech,0.98,1.39,0.89,8.03,0.81,-8.44,0.92,4.23,0.96,3.66,0.91,-3.5,0.9
2024-08-13,Kepa Arrizabalaga,1.0,-2.87,0.98,5.51,0.98,0.52,0.97,-2.19,0.87,-0.22,0.93,4.82,0.93
2024-08-13,Édouard Mendy,0.81,-4.82,0.86,6.82,0.98,-4.87,0.99,-5.93,,,0.91,7.7,-0.22
2024-08-13,Reece James,0.95,-4.46,0.83,9.96,0.91,2.21,0.89,-5.95,0.94,0.83,0.89,-4.02,-0.24
2024-08-13,Ben Chilwell,0.84,6.06,0.82,7.49,0.87,6.34,0.8,9.64,,,0.88,-1.76,5.55
2024-08-13,César Azpilicueta,0.94,-4.51,0.88,-7.5,0.83,2.39,0.94,-5.18,0.81,7.84,0.83,-2.68,-1.61
2024-08-13,Andreas Christensen,0.81,1.52,0.84,-0.83,0.99,-7.96,0.88,-1.55,,,0.92,9.29,0.09
2024-08-13,Marcos Alonso,0.87,8.17,0.99,-0.21,0.99,1.91,0.92,-2.82,0.99,4.03,0.91,7.56,3.11
2024-08-13,N'Golo Kanté,0.92,-8.02,0.84,-6.05,0.83,7.55,0.88,-0.93,0.93,-0.25,0.96,-9.09,-2.8
2024-08-13,Jorginho,0.9,-0.17,0.92,-6.85,0.85,-5.48,,,,,0.99,-2.78,-3.82
2024-08-13,Mason Mount,0.88,-1.65,0.99,9.77,,,0.83,-6.21,0.86,-4.29,,,-0.6
2024-08-13,Kai Havertz,0.9,4.18,0.94,-6.57,0.81,-4.75,0.98,3.82,,,0.96,8.96,1.13
2024-08-13,Christian Pulisic,0.95,5.31,0.94,-2.57,0.94,-3.42,0.86,-7.8,0.82,-5.88,0.96,-1.35,-2.62
2024-08-13,Mateo Kovačić,0.87,-8.96,,,0.84,-3.91,0.94,-8.69,0.91,2.49,0.97,9.78,-1.86
2024-08-13,Conor Gallagher,0.94,-8.57,0.81,1.97,0.94,2.08,0.84,7.75,0.99,2.94,0.98,9.1,2.54
2024-08-13,Timo Werner,0.89,-6.31,0.86,3.81,0.96,-8.26,0.88,2.66,1.0,-3.48,0.97,0.87,-1.78
2024-08-13,Olivier Giroud,0.9,-6.12,0.88,0.68,0.85,8.97,0.81,8.35,0.82,8.32,0.8,-3.81,2.73
2024-08-13,Tammy Abraham,0.97,-5.58,0.91,-2.25,1.0,-0.35,0.91,7.56,0.85,-5.8,0.92,6.35,-0.01
2024-08-13,Armando Broja,0.94,1.01,0.96,5.32,0.93,-4.85,0.81,-8.45,0.82,7.63,0.97,9.07,1.62
2024-08-13,Ross Barkley,0.91,-8.1,0.96,5.13,0.98,4.72,,,0.98,-2.55,0.83,-0.08,-0.18
2024-08-13,Callum Hudson-Odoi,0.88,-3.14,0.87,-2.66,0.88,-0.38,0.93,-9.66,1.0,2.0,0.83,0.35,-2.25
2024-08-13,Emerson Palmieri,0.94,-0.23,0.87,-8.65,0.92,0.23,,,0.81,-1.33,0.91,-1.0,-2.2
2024-08-13,Ricardo Pereira,0.8,-2.52,0.95,-6.95,0.98,0.6,0.87,-6.67,0.98,-8.71,0.87,-8.16,-5.4
2024-08-13,João Félix,0.81,-2.06,,,0.97,-1.9,0.92,2.8,0.99,-9.16,0.85,1.47,-1.77
2024-08-13,Hakim Ziyech,0.81,-4.55,0.83,9.16,0.89,2.72,1.0,1.13,0.91,-8.9,0.94,-1.87,-0.39
2024-08-14,Kepa Arrizabalaga,0.83,-0.64,0.89,2.43,0.98,-9.84,0.92,-7.45,0.9,-5.71,0.98,3.77,-2.91
2024-08-14,Édouard Mendy,0.89,-5.1,0.86,9.87,0.96,2.82,0.98,2.83,0.82,-7.43,0.95,9.1,2.02
2024-08-14,Reece James,0.98,-2.01,1.0,1.12,0.93,-6.37,0.94,9.62,0.92,-8.1,0.89,-4.76,-1.75
2024-08-14,Ben Chilwell,0.93,-4.83,0.99,3.25,0.99,9.65,0.94,-7.18,0.95,-5.41,,,-0.9
2024-08-14,César Azpilicueta,0.98,6.56,0.95,-6.02,0.8,6.53,0.98,8.89,0.82,-5.56,0.91,5.87,2.71
2024-08-14,Andreas Christensen,0.99,-0.78,,,1.0,-4.8,0.99,0.46,0.84,4.72,0.85,-8.72,-1.82
2024-08-14,Marcos Alonso,0.84,-8.69,0.91,4.36,1.0,-3.59,0.99,4.14,0.89,-1.84,0.87,-9.98,-2.6
2024-08-14,N'Golo Kanté,0.85,-4.07,0.99,5.05,0.92,-4.02,0.97,0.98,0.97,-3.87,0.89,5.74,-0.03
2024-08-14,Jorginho,0.99,4.99,0.83,-7.52,0.88,5.0,1.0,-8.05,0.93,-3.9,0.88,-6.5,-2.66
2024-08-14,Mason Mount,,,0.91,4.14,0.86,-6.09,,,0.82,3.48,0.83,4.39,1.48
2024-08-14,Kai Havertz,,,0.92,-0.49,0.8,5.62,0.91,6.67,0.89,5.58,0.88,-8.24,1.83
2024-08-14,Christian Pulisic,0.95,-7.47,0.91,6.52,,,0.87,6.37,0.99,5.21,0.93,2.59,2.64
2024-08-14,Mateo Kovačić,0.94,-8.48,0.92,-5.29,1.0,-9.47,0.8,0.95,0.81,-3.74,0.93,3.45,-3.76
2024-08-14,Conor Gallagher,0.94,1.93,,,0.94,-8.31,0.84,4.39,0.89,2.6,0.83,7.46,1.61
2024-08-14,Timo Werner,0.8,-8.31,0.91,-8.85,1.0,-6.02,0.85,9.81,0.88,4.56,0.88,2.97,-0.97
2024-08-14,Olivier Giroud,0.84,8.84,0.91,-9.01,0.83,-5.75,0.87,-4.09,0.84,8.46,0.84,-4.79,-1.06
2024-08-14,Tammy Abraham,0.83,-4.39,0.86,-4.12,0.96,2.65,0.84,-1.73,0.88,-8.94,0.98,-7.96,-4.08
2024-08-14,Armando Broja,0.85,-6.07,0.82,7.11,,,0.9,7.48,0.9,4.98,0.9,-3.28,2.04
2024-08-14,Ross Barkley,,,0.98,-6.39,0.83,4.39,,,0.87,-9.24,0.91,-7.94,-4.79
2024-08-14,Callum Hudson-Odoi,0.97,-9.57,0.87,-3.08,0.83,-8.54,0.89,-7.83,0.92,0.72,0.83,-6.7,-5.83
2024-08-14,Emerson Palmieri,0.95,-4.73,0.94,-8.5,0.96,-8.01,0.87,9.46,0.85,1.11,0.85,-7.97,-3.11
2024-08-14,Ricardo Pereira,0.99,-7.35,0.86,6.45,0.97,-7.75,0.82,9.73,0.92,2.57,0.91,-0.73,0.49
2024-08-14,João Félix,0.87,3.12,0.91,0.34,,,0.98,5.65,0.92,-7.9,1.0,8.74,1.99
2024-08-14,Hakim Ziyech,0.93,2.4,0.93,7.25,0.9,7.3,0.97,3.78,0.99,-2.03,0.98,-3.42,2.55
2024-08-15,Kepa Arrizabalaga,0.85,-2.3,,,0.96,4.12,0.91,9.34,,,1.0,-1.7,2.37
2024-08-15,Édouard Mendy,0.89,-4.12,0.83,4.17,0.93,9.13,0.85,2.85,0.99,0.13,0.81,-6.1,1.01
2024-08-15,Reece James,0.93,3.79,0.93,-1.27,0.82,-2.45,0.82,-5.5,0.92,6.66,0.91,4.9,1.02
2024-08-15,Ben Chilwell,0.88,-4.54,0.93,1.98,0.95,-9.95,0.95,-7.85,0.87,6.21,0.82,7.95,-1.03
2024-08-15,César Azpilicueta,,,0.87,1.47,0.89,7.47,0.93,6.87,0.96,-7.15,0.88,5.08,2.75
2024-08-15,Andreas Christensen,,,0.82,9.72,0.84,4.39,0.89,-1.99,0.91,0.35,0.86,-7.53,0.99
2024-08-15,Marcos Alonso,0.98,-6.41,0.84,7.93,0.91,-9.49,0.87,0.17,0.93,-0.17,0.91,1.57,-1.07
2024-08-15,N'Golo Kanté,0.97,-2.55,0.95,4.33,0.94,4.32,0.87,1.66,0.8,-2.74,0.8,6.18,1.87
2024-08-15,Jorginho,0.87,-2.91,,,1.0,1.62,0.81,-9.44,0.84,2.25,,,-2.12
2024-08-15,Mason Mount,0.85,-1.96,0.83,7.9,0.9,5.63,0.99,1.0,0.82,0.4,0.94,-2.16,1.8
2024-08-15,Kai Havertz,0.99,4.42,0.91,9.43,0.99,2.53,0.87,7.67,0.82,-9.27,0.91,6.81,3.6
2024-08-15,Christian Pulisic,0.97,-9.36,0.96,-8.56,0.98,-8.69,0.97,9.97,0.96,7.7,,,-1.79
2024-08-15,Mateo Kovačić,0.98,-9.97,0.87,-5.25,0.96,-9.77,0.91,2.77,0.91,1.56,0.91,-5.19,-4.31
2024-08-15,Conor Gallagher,,,0.95,1.16,0.99,9.27,,,0.99,-8.03,0.98,-6.57,-1.04
2024-08-15,Timo Werner,0.86,3.92,0.84,5.83,0.88,7.89,0.9,-1.17,0.84,6.13,0.88,-9.76,2.14
2024-08-15,Olivier Giroud,0.85,6.16,0.93,-5.47,0.82,-7.67,0.84,-3.85,,,0.96,3.0,-1.57
2024-08-15,Tammy Abraham,0.93,-6.2,0.92,-6.24,0.93,3.74,0.95,9.63,0.82,5.1,0.92,2.11,1.36
2024-08-15,Armando Broja,0.81,-1.56,0.88,9.19,0.85,7.44,0.89,-8.09,0.81,9.02,,,3.2
2024-08-15,Ross Barkley,0.83,9.9,0.91,4.63,0.88,7.48,0.88,-4.04,0.81,9.13,0.92,-7.26,3.31
2024-08-15,Callum Hudson-Odoi,,,0.97,5.99,0.83,3.02,0.87,-5.01,0.8,4.91,0.96,-9.93,-0.2
2024-08-15,Emerson Palmieri,0.86,-4.35,0.84,-8.98,0.93,7.3,0.98,7.87,0.87,8.65,0.99,-0.68,1.64
2024-08-15,Ricardo Pereira,0.97,4.26,0.91,6.4,0.92,-4.17,0.91,0.5,0.93,1.59,0.83,-0.13,1.41
2024-08-15,João Félix,0.86,3.48,,,0.86,-1.37,0.96,-4.66,0.84,-4.44,,,-1.75
2024-08-15,Hakim Ziyech,0.91,-0.07,0.83,3.11,0.9,2.06,0.99,9.35,0.85,1.93,0.82,-6.65,1.62
2024-08-16,Kepa Arrizabalaga,0.96,8.35,0.97,3.41,0.89,9.32,0.88,-5.97,0.89,-6.23,0.99,-3.29,0.93
2024-08-16,Édouard Mendy,0.95,-4.05,0.85,-8.46,0.81,-2.9,0.82,1.87,0.95,4.74,0.86,9.79,0.16
2024-08-16,Reece James,0.87,-9.18,0.9,6.13,,,0.95,7.79,,,0.93,9.05,3.45
2024-08-16,Ben Chilwell,0.98,2.87,0.98,5.5,,,0.91,9.15,0.96,-4.9,0.93,-2.35,2.05
2024-08-16,César Azpilicueta,0.92,5.43,0.81,7.82,0.85,7.48,0.84,-3.17,0.94,4.04,0.92,0.74,3.72
2024-08-16,Andreas Christensen,0.96,3.19,0.91,-6.42,0.93,-8.32,0.85,-3.48,0.92,-3.73,0.88,4.06,-2.45
2024-08-16,Marcos Alonso,0.87,3.69,0.95,-9.61,0.93,4.47,0.95,-7.28,0.85,0.35,0.98,-4.82,-2.2
2024-08-16,N'Golo Kanté,0.92,7.24,0.81,8.06,0.81,1.95,0.82,2.33,,,0.87,-1.29,3.66
2024-08-16,Jorginho,0.87,1.05,0.85,9.19,0.9,6.1,0.88,-9.25,0.84,-6.62,0.82,0.4,0.14
2024-08-16,Mason Mount,0.88,-2.04,0.95,6.06,0.97,-5.64,0.92,1.87,0.9,-9.97,0.98,-3.47,-2.2
2024-08-16,Kai Havertz,,,0.9,-3.52,0.96,9.81,0.85,1.67,0.91,5.86,0.84,-9.92,0.78
2024-08-16,Christian Pulisic,0.97,-3.65,0.91,-0.66,0.98,9.2,0.82,-2.75,0.93,2.36,0.82,-0.86,0.61
2024-08-16,Mateo Kovačić,1.0,6.57,0.91,5.9,0.85,0.97,0.98,-7.89,0.81,9.81,0.86,1.22,2.76
2024-08-16,Conor Gallagher,0.84,2.27,0.96,4.47,0.86,4.98,0.9,-0.97,0.99,1.36,0.93,9.28,3.56
2024-08-16,Timo Werner,0.93,2.13,0.88,0.66,0.82,-3.87,,,0.92,9.32,0.94,4.87,2.62
2024-08-16,Olivier Giroud,0.92,-2.61,,,0.95,-1.37,0.96,-0.34,0.83,-5.56,0.95,-5.53,-3.08
2024-08-16,Tammy Abraham,0.84,4.8,0.99,3.49,0.99,3.18,0.96,4.06,0.92,-5.14,0.97,-0.51,1.65
2024-08-16,Armando Broja,,,0.95,-8.93,0.83,2.68,0.85,-1.5,0.95,-9.62,0.84,9.83,-1.51
2024-08-16,Ross Barkley,0.86,0.46,0.98,4.91,0.95,5.95,,,0.84,-1.55,0.87,0.45,2.04
2024-08-16,Callum Hudson-Odoi,0.86,9.87,0.88,9.53,0.81,8.35,0.82,-9.39,0.93,-8.42,0.94,-9.23,0.12
2024-08-16,Emerson Palmieri,0.86,-9.73,0.89,8.53,0.96,-7.29,0.86,2.12,0.94,-0.76,0.92,-6.33,-2.24
2024-08-16,Ricardo Pereira,0.83,0.76,0.86,-1.39,0.88,9.04,0.94,1.06,0.99,-9.3,0.83,0.23,0.07
2024-08-16,João Félix,0.83,-6.82,0.96,-6.6,0.82,3.08,0.95,-5.74,0.87,0.63,0.92,-5.65,-3.52
2024-08-16,Hakim Ziyech,0.88,9.93,0.82,-4.06,0.89,-2.44,0.88,0.81,0.98,-4.75,0.9,5.39,0.81
2024-08-17,Kepa Arrizabalaga,0.88,6.13,0.91,6.8,,,0.84,-4.86,0.9,1.01,0.87,-4.62,0.89
2024-08-17,Édouard Mendy,0.87,-4.32,0.97,-6.14,0.82,-7.75,1.0,3.07,1.0,4.67,0.82,6.53,-0.66
2024-08-17,Reece James,0.81,2.68,0.94,5.08,0.9,1.74,0.86,-4.65,0.89,-2.6,0.83,-0.28,0.33
2024-08-17,Ben Chilwell,0.81,1.93,,,0.95,4.91,0.89,-1.85,,,0.99,0.13,1.28
2024-08-17,César Azpilicueta,0.9,3.81,0.83,6.15,0.97,0.14,0.9,8.85,0.89,-0.18,0.88,1.79,3.43
2024-08-17,Andreas Christensen,0.91,2.62,0.89,2.86,0.98,6.53,0.89,5.69,0.83,3.36,0.89,-5.4,2.61
2024-08-17,Marcos Alonso,0.92,-5.46,0.97,-6.78,0.96,-3.03,0.93,7.56,0.82,5.1,,,-0.52
2024-08-17,N'Golo Kanté,0.89,-0.88,,,0.8,7.19,1.0,9.58,0.87,-7.8,0.99,-2.45,1.13
2024-08-17,Jorginho,0.87,0.48,0.94,4.84,,,0.87,-4.67,0.92,-0.37,0.94,9.79,2.01
2024-08-17,Mason Mount,0.88,-1.13,0.92,0.97,0.86,3.02,0.83,-3.19,0.92,-7.66,0.85,1.62,-1.06
2024-08-17,Kai Havertz,0.87,5.03,0.85,-5.54,0.83,-9.0,0.99,-0.81,0.94,8.41,0.93,3.49,0.26
2024-08-17,Christian Pulisic,0.95,4.07,0.89,8.29,0.98,-2.62,0.97,1.75,0.84,-5.51,0.89,-1.0,0.83
2024-08-17,Mateo Kovačić,0.95,9.87,0.88,-3.37,0.91,4.92,0.85,6.81,0.9,-9.55,0.86,-2.69,1.0
2024-08-17,Conor Gallagher,0.83,1.37,0.87,-6.02,0.8,2.78,0.93,2.96,0.87,1.61,0.93,4.24,1.16
2024-08-17,Timo Werner,0.87,-7.8,0.87,-8.48,0.85,-3.48,0.93,9.67,0.81,-8.68,0.98,0.82,-2.99
2024-08-17,Olivier Giroud,0.92,1.52,1.0,9.72,0.93,2.31,0.99,5.01,0.92,-5.9,0.84,-6.86,0.97
2024-08-17,Tammy Abraham,0.98,-5.54,,,,,0.95,-0.41,0.8,-1.82,0.87,4.95,-0.7
2024-08-17,Armando Broja,0.81,5.6,0.98,0.81,,,0.99,2.81,0.97,6.28,0.91,-3.07,2.49
2024-08-17,Ross Barkley,0.82,-4.97,,,0.9,-3.87,0.88,-5.82,0.94,-2.99,0.84,8.22,-1.89
2024-08-17,Callum Hudson-Odoi,0.99,-4.36,1.0,5.36,0.86,5.85,0.95,5.39,0.88,7.99,0.87,-6.33,2.32
2024-08-17,Emerson Palmieri,0.98,3.69,0.99,9.48,0.88,8.84,0.9,-6.69,0.98,-1.16,,,2.83
2024-08-17,Ricardo Pereira,,,0.94,-2.39,0.83,-0.19,0.93,-5.62,0.87,-6.37,0.96,-2.23,-3.36
2024-08-17,João Félix,0.93,-4.37,0.84,-8.84,1.0,8.71,0.83,6.49,0.89,-2.9,0.95,1.68,0.13
2024-08-17,Hakim Ziyech,0.81,3.19,0.96,-4.72,,,0.97,-9.09,,,0.99,5.64,-1.25
2024-08-18,Kepa Arrizabalaga,0.91,4.35,0.95,6.54,0.82,-7.87,0.84,-9.74,0.88,9.9,0.95,-2.89,0.05
2024-08-18,Édouard Mendy,0.97,4.79,0.81,-0.09,0.88,4.56,0.94,3.9,0.87,-0.01,0.82,4.48,2.94
2024-08-18,Reece James,0.98,0.21,0.92,-0.58,,,0.9,2.96,0.97,9.16,0.88,3.82,3.11
2024-08-18,Ben Chilwell,0.83,8.96,0.97,2.2,0.9,6.13,0.88,7.73,0.93,1.0,0.94,9.1,5.85
2024-08-18,César Azpilicueta,0.89,6.36,0.89,9.15,0.84,-3.56,0.94,9.31,0.92,7.45,0.81,2.89,5.27
2024-08-18,Andreas Christensen,0.93,-7.28,0.98,-0.65,0.88,2.02,0.84,4.38,,,0.82,2.31,0.16
2024-08-18,Marcos Alonso,0.99,2.03,0.92,-1.56,0.86,3.69,0.89,1.79,,,0.87,-5.29,0.13
2024-08-18,N'Golo Kanté,0.89,9.91,0.99,-6.97,0.99,-5.92,0.99,-7.73,0.98,0.64,0.99,-4.37,-2.41
2024-08-18,Jorginho,0.94,2.71,0.84,-2.75,0.82,9.52,0.86,4.16,,,0.94,0.38,2.8
2024-08-18,Mason Mount,0.92,-6.19,0.94,-8.51,0.82,-1.59,0.98,0.71,0.99,-7.53,0.83,-8.37,-5.25
2024-08-18,Kai Havertz,1.0,0.01,0.96,-7.76,0.84,-9.29,,,0.96,-8.23,,,-6.32
2024-08-18,Christian Pulisic,0.85,-0.1,0.92,3.5,0.97,2.58,0.87,-8.17,0.85,-3.25,0.99,3.45,-0.33
2024-08-18,Mateo Kovačić,0.9,1.97,,,0.97,-4.62,0.88,-9.1,0.96,-1.97,0.87,-1.87,-3.12
2024-08-18,Conor Gallagher,0.94,4.61,0.94,2.48,0.85,6.91,0.8,3.4,0.92,9.93,0.91,3.14,5.08
2024-08-18,Timo Werner,0.93,-2.99,0.84,-7.67,0.95,-2.61,,,0.93,-2.69,0.88,-4.14,-4.02
2024-08-18,Olivier Giroud,0.86,-0.83,0.82,5.84,0.9,3.59,,,0.93,-7.3,,,0.32
2024-08-18,Tammy Abraham,,,0.98,6.06,0.91,-3.42,0.82,7.95,0.94,-5.63,0.84,2.44,1.48
2024-08-18,Armando Broja,0.89,-1.48,0.97,-9.99,,,0.88,2.02,0.81,4.08,0.81,4.15,-0.24
2024-08-18,Ross Barkley,0.9,7.03,0.91,5.61,0.87,9.52,0.95,-0.57,0.92,-8.04,0.91,8.27,3.64
2024-08-18,Callum Hudson-Odoi,0.9,-3.65,0.83,2.88,0.95,-0.35,0.84,1.75,0.94,0.27,0.8,-8.09,-1.2
2024-08-18,Emerson Palmieri,0.97,-3.68,0.94,-6.49,0.9,9.57,0.83,2.26,,,0.94,5.37,1.41
2024-08-18,Ricardo Pereira,0.81,-5.08,0.97,5.98,0.9,-9.4,0.98,4.56,,,0.92,8.33,0.88
2024-08-18,João Félix,,,0.91,-4.17,0.89,-5.27,0.9,-8.12,0.93,-5.46,0.82,-2.39,-5.08
2024-08-18,Hakim Ziyech,0.89,9.47,0.98,7.73,0.83,7.18,0.92,7.12,0.85,-6.58,0.85,8.67,5.6
2024-08-19,Kepa Arrizabalaga,,,0.87,-4.34,0.93,-5.66,0.94,-8.89,0.92,-9.75,0.87,0.82,-5.56
2024-08-19,Édouard Mendy,0.93,-5.06,0.81,2.37,0.99,5.9,0.86,-1.6,0.98,-5.69,0.82,-2.38,-1.08
2024-08-19,Reece James,1.0,-9.38,0.95,-1.53,0.96,6.19,0.99,0.63,0.81,-5.44,0.99,-9.42,-3.16
2024-08-19,Ben Chilwell,0.84,4.48,0.9,-1.71,0.9,2.22,,,0.94,5.06,0.8,-7.65,0.48
2024-08-19,César Azpilicueta,0.89,-2.88,0.99,1.46,0.81,-6.63,0.9,-9.77,0.91,4.05,0.85,-9.5,-3.88
2024-08-19,Andreas Christensen,0.88,5.45,0.8,-0.03,0.87,9.25,0.91,0.12,0.92,-3.38,0.94,-2.48,1.49
2024-08-19,Marcos Alonso,0.86,-9.37,0.99,-1.33,0.81,-8.43,0.84,6.37,0.99,-2.41,0.83,-3.79,-3.16
2024-08-19,N'Golo Kanté,,,0.99,7.12,0.96,7.92,0.97,-7.39,0.87,5.71,0.82,-3.08,2.06
2024-08-19,Jorginho,0.89,-0.77,0.91,-3.75,0.92,-2.61,0.82,8.8,0.81,-0.11,,,0.31
2024-08-19,Mason Mount,0.99,0.02,0.97,2.78,0.86,-6.47,0.94,3.48,0.9,8.26,0.84,-5.98,0.35
2024-08-19,Kai Havertz,0.94,-9.22,,,0.95,4.08,0.92,8.29,,,0.86,-5.07,-0.48
2024-08-19,Christian Pulisic,0.98,2.23,0.98,-3.67,0.96,3.56,0.8,8.58,0.91,-2.84,0.94,-7.59,0.05
2024-08-19,Mateo Kovačić,0.96,2.21,0.89,4.82,0.91,-1.6,0.92,-4.43,0.96,6.26,,,1.45
2024-08-19,Conor Gallagher,0.96,-1.12,0.85,2.26,0.9,5.18,1.0,-5.44,0.98,-6.89,0.89,0.54,-0.91
2024-08-19,Timo Werner,0.84,6.89,0.87,-1.21,0.86,6.48,1.0,-7.2,0.85,8.84,0.8,4.37,3.03
2024-08-19,Olivier Giroud,0.94,-2.76,0.97,-2.9,0.87,3.1,0.98,-0.65,0.97,3.63,0.83,-8.17,-1.29
2024-08-19,Tammy Abraham,0.89,-0.38,,,0.83,2.86,0.99,-2.65,0.94,-0.45,,,-0.16
2024-08-19,Armando Broja,0.96,4.96,0.89,-3.33,0.86,-8.54,0.86,-0.11,0.85,2.58,0.97,5.52,0.18
2024-08-19,Ross Barkley,0.94,-7.98,,,0.82,9.37,,,0.98,-0.36,0.91,-1.37,-0.09
2024-08-19,Callum Hudson-Odoi,0.87,6.66,0.92,-0.44,0.99,-9.76,0.99,-3.86,0.81,2.52,0.92,-9.5,-2.4
2024-08-19,Emerson Palmieri,1.0,5.18,0.95,-4.71,0.93,-2.33,0.97,-1.2,0.96,4.09,0.97,-9.46,-1.41
2024-08-19,Ricardo Pereira,,,0.91,-0.22,0.84,-1.41,0.84,-8.04,,,,,-3.22
2024-08-19,João Félix,0.88,6.2,0.94,-7.48,0.92,-4.2,0.86,2.07,0.95,-9.98,,,-2.68
2024-08-19,Hakim Ziyech,0.85,-0.75,0.83,-7.62,0.91,9.62,0.89,4.34,0.89,9.65,0.97,7.75,3.83
2024-08-20,Kepa Arrizabalaga,0.85,7.74,0.96,-0.13,0.85,9.45,0.97,-9.82,0.92,6.11,0.88,-6.11,1.21
2024-08-20,Édouard Mendy,0.9,7.97,0.8,-5.86,0.93,8.79,0.93,-4.8,0.93,-4.6,0.99,-3.85,-0.39
2024-08-20,Reece James,0.97,-0.69,0.89,6.25,0.9,3.2,0.97,0.31,,,0.93,-4.85,0.84
2024-08-20,Ben Chilwell,0.88,6.88,,,1.0,-9.13,0.81,2.4,0.88,8.37,0.83,4.64,2.63
2024-08-20,César Azpilicueta,0.98,7.93,0.87,-0.43,0.92,5.58,1.0,1.02,0.86,-4.35,,,1.95
2024-08-20,Andreas Christensen,0.82,7.04,0.91,-7.01,0.94,1.26,,,0.84,1.18,0.81,-9.23,-1.35
2024-08-20,Marcos Alonso,0.97,-6.85,0.99,-1.8,0.82,-4.88,0.9,6.26,0.88,2.47,0.91,-7.74,-2.09
2024-08-20,N'Golo Kanté,0.97,7.49,0.99,3.78,0.92,6.59,0.89,3.07,0.99,6.48,0.98,-6.19,3.54
2024-08-20,Jorginho,1.0,-6.86,0.99,0.36,0.86,8.26,0.81,-3.64,,,0.92,0.52,-0.27
2024-08-20,Mason Mount,0.91,-2.64,0.93,-3.31,0.91,-4.17,,,0.92,5.02,0.96,6.31,0.24
2024-08-20,Kai Havertz,,,,,0.94,5.31,0.91,-1.83,,,0.92,-7.44,-1.32
2024-08-20,Christian Pulisic,0.81,7.61,1.0,7.31,0.99,-8.23,0.84,4.85,0.95,-2.76,0.95,4.46,2.21
2024-08-20,Mateo Kovačić,0.83,-9.59,0.97,8.46,0.9,2.91,0.8,-0.76,0.96,9.43,0.94,-8.26,0.37
2024-08-20,Conor Gallagher,0.94,-9.65,,,0.88,6.9,0.99,-1.51,0.97,-3.22,0.99,-1.42,-1.78
2024-08-20,Timo Werner,0.95,5.35,0.81,-2.83,0.97,-5.02,0.96,0.04,1.0,2.14,0.89,1.24,0.15
2024-08-20,Olivier Giroud,0.8,-1.04,0.99,2.3,0.91,2.91,0.95,4.69,0.9,-1.94,0.93,7.77,2.45
2024-08-20,Tammy Abraham,0.96,0.07,0.95,-1.14,0.9,1.97,0.88,7.19,0.91,9.14,0.98,-5.98,1.88
2024-08-20,Armando Broja,1.0,3.02,0.9,0.04,0.88,-0.55,0.99,8.2,0.93,8.45,0.93,-7.17,2.0
2024-08-20,Ross Barkley,0.94,7.95,0.81,-4.63,0.84,-6.03,0.92,2.97,1.0,-0.65,0.92,5.42,0.84
2024-08-20,Callum Hudson-Odoi,0.82,-7.02,0.9,-6.92,0.97,8.33,0.86,2.11,0.82,-0.27,0.92,8.78,0.83
2024-08-20,Emerson Palmieri,,,1.0,-5.96,0.95,-2.56,0.91,0.07,0.93,0.85,0.94,1.45,-1.23
2024-08-20,Ricardo Pereira,0.91,-5.18,0.85,-1.23,,,0.95,-7.69,0.85,8.01,0.81,7.31,0.24
2024-08-20,João Félix,,,0.84,-4.36,0.98,-4.33,,,0.88,-0.36,0.83,6.63,-0.61
2024-08-20,Hakim Ziyech,,,0.87,-1.09,0.89,-7.46,0.96,-8.98,0.89,7.38,0.96,3.99,-1.23
2024-08-21,Kepa Arrizabalaga,0.96,-0.92,0.85,-8.24,0.94,-3.48,0.8,4.49,0.86,-6.95,0.83,8.11,-1.17
2024-08-21,Édouard Mendy,0.98,7.71,0.8,-9.0,0.93,-7.19,0.85,-6.4,0.87,4.8,0.88,-8.76,-3.14
2024-08-21,Reece James,0.83,5.16,0.94,-1.14,0.93,-4.47,0.9,-1.92,0.8,-8.85,0.93,6.46,-0.79
2024-08-21,Ben Chilwell,0.92,-8.11,0.93,-1.16,0.86,-6.73,0.91,-9.91,0.98,-0.65,0.93,7.39,-3.2
2024-08-21,César Azpilicueta,0.91,9.44,0.96,1.73,0.92,8.93,0.95,-3.8,0.85,3.16,0.86,4.75,4.04
2024-08-21,Andreas Christensen,0.9,-5.78,0.85,-9.58,0.84,9.29,0.96,5.89,0.91,-1.17,0.98,-0.33,-0.28
2024-08-21,Marcos Alonso,0.82,-7.99,0.81,-2.55,0.97,2.24,0.86,-6.55,0.85,-4.94,0.92,5.92,-2.31
2024-08-21,N'Golo Kanté,0.89,-6.56,0.99,-8.93,0.93,3.8,0.82,-8.16,0.96,-0.43,0.96,-9.92,-5.03
2024-08-21,Jorginho,0.96,-5.17,0.8,7.82,,,0.81,-6.57,0.95,-9.29,,,-3.3
2024-08-21,Mason Mount,0.84,-6.97,0.85,4.55,0.9,5.99,0.83,-8.56,0.87,-7.85,0.88,-4.12,-2.83
2024-08-21,Kai Havertz,0.98,-1.28,0.86,5.37,0.81,-9.85,0.98,-7.16,0.98,-5.64,,,-3.71
2024-08-21,Christian Pulisic,0.83,-9.54,0.81,-8.81,0.86,-2.29,0.89,6.2,0.91,3.79,1.0,-8.26,-3.15
2024-08-21,Mateo Kovačić,0.87,3.06,0.88,0.74,0.92,4.21,0.86,-3.42,0.89,9.22,0.85,-9.17,0.77
2024-08-21,Conor Gallagher,,,,,0.98,4.05,0.91,9.54,0.92,4.26,0.91,6.88,6.18
2024-08-21,Timo Werner,0.93,-9.01,0.89,5.74,0.87,-9.48,0.83,-1.98,0.94,-6.35,0.96,-8.59,-4.94
2024-08-21,Olivier Giroud,0.85,7.09,0.84,1.03,0.89,-2.2,0.91,-9.36,0.8,-0.14,0.93,7.38,0.63
2024-08-21,Tammy Abraham,0.99,-0.92,0.96,-3.79,0.84,-1.56,0.97,0.8,0.95,4.03,0.85,-6.19,-1.27
2024-08-21,Armando Broja,0.89,-8.72,0.83,9.92,0.97,5.94,0.95,-0.83,0.98,-3.18,0.81,6.9,1.67
2024-08-21,Ross Barkley,0.86,-5.75,0.93,1.64,0.88,-0.26,,,0.87,-5.79,0.81,6.0,-0.83
2024-08-21,Callum Hudson-Odoi,,,0.8,4.94,0.94,-7.45,0.87,-3.88,0.87,-0.38,0.88,-4.34,-2.22
2024-08-21,Emerson Palmieri,0.81,3.93,0.93,0.55,0.82,-5.32,0.88,7.45,0.86,-9.74,0.95,-6.06,-1.53
2024-08-21,Ricardo Pereira,0.97,1.07,0.94,0.61,0.82,-8.33,0.91,-3.04,,,0.89,9.34,-0.07
2024-08-21,João Félix,,,0.93,-1.05,0.99,-7.12,0.85,1.68,0.85,0.43,0.93,9.47,0.68
2024-08-21,Hakim Ziyech,0.88,8.67,0.86,6.63,0.93,0.0,0.96,7.73,0.8,-6.0,,,3.41
2024-08-22,Kepa Arrizabalaga,0.97,7.37,0.94,-4.22,0.96,-1.08,0.85,0.19,0.87,5.62,0.93,1.01,1.48
2024-08-22,Édouard Mendy,0.9,4.11,0.85,-7.53,0.91,3.09,0.93,-2.07,0.85,-5.46,0.88,7.48,-0.06
2024-08-22,Reece James,0.81,-2.33,1.0,8.0,,,0.94,0.95,0.91,-3.87,0.9,-8.56,-1.16
2024-08-22,Ben Chilwell,0.97,1.99,0.85,-4.12,0.93,-3.34,0.99,0.61,0.88,-6.35,0.87,3.2,-1.33
2024-08-22,César Azpilicueta,0.83,-1.91,0.88,4.76,0.98,6.78,0.98,2.39,0.97,9.94,0.96,6.78,4.79
2024-08-22,Andreas Christensen,0.81,5.44,0.84,0.45,0.83,4.33,0.97,-1.76,0.83,1.74,0.9,4.96,2.53
2024-08-22,Marcos Alonso,0.94,3.83,0.83,2.84,,,0.86,6.88,0.89,-2.65,0.95,-4.35,1.31
2024-08-22,N'Golo Kanté,0.89,6.33,0.93,7.13,0.96,-7.55,0.93,-5.38,0.89,-2.23,,,-0.34
2024-08-22,Jorginho,0.95,-0.59,0.86,8.56,0.9,-4.41,0.94,6.97,0.83,2.88,0.96,-7.54,0.98
2024-08-22,Mason Mount,0.9,-3.51,,,0.94,-7.54,1.0,-5.44,0.82,-1.89,0.96,-1.36,-3.95
2024-08-22,Kai Havertz,0.88,9.26,0.86,-2.13,0.82,-4.89,,,0.96,9.3,1.0,0.6,2.43
2024-08-22,Christian Pulisic,0.99,8.75,0.93,-1.88,,,0.81,8.42,0.91,-5.8,0.85,-5.13,0.87
2024-08-22,Mateo Kovačić,,,0.92,-0.2,0.84,0.51,0.88,-3.03,0.91,5.36,0.81,-1.2,0.29
2024-08-22,Conor Gallagher,0.81,4.43,0.95,-7.53,,,0.98,-5.04,0.92,5.95,0.88,9.27,1.42
2024-08-22,Timo Werner,0.98,-5.24,,,0.98,2.63,0.92,0.21,0.88,-7.53,0.96,8.95,-0.2
2024-08-22,Olivier Giroud,0.84,-0.16,0.97,-4.03,0.95,-5.18,0.84,-2.46,0.97,3.23,,,-1.72
2024-08-22,Tammy Abraham,0.93,4.29,0.87,2.94,0.98,9.37,0.87,-1.14,0.85,2.9,0.89,-7.94,1.74
2024-08-22,Armando Broja,0.94,4.12,0.87,-6.28,0.8,-1.26,0.85,8.06,0.81,1.37,,,1.2
2024-08-22,Ross Barkley,1.0,8.89,0.89,2.9,0.95,-5.07,0.87,0.8,0.87,9.51,0.99,7.74,4.13
2024-08-22,Callum Hudson-Odoi,1.0,2.91,0.97,-3.16,0.8,3.25,0.98,9.78,1.0,8.99,0.94,-3.84,2.99
2024-08-22,Emerson Palmieri,0.88,9.22,0.87,-4.7,0.88,-1.03,0.92,8.32,0.87,6.67,0.85,4.18,3.78
2024-08-22,Ricardo Pereira,0.9,7.63,0.95,-1.96,0.95,5.35,0.95,-0.39,0.97,2.44,0.82,-9.35,0.62
2024-08-22,João Félix,0.9,2.2,0.97,-3.89,0.86,-0.61,0.84,3.14,0.85,6.84,0.89,-5.6,0.35
2024-08-22,Hakim Ziyech,0.85,0.83,0.91,-9.56,0.81,4.96,0.86,4.78,0.83,-5.49,0.94,-5.91,-1.73
2024-08-23,Kepa Arrizabalaga,0.99,-7.57,0.85,4.8,0.84,-0.44,0.94,7.78,,,0.91,-7.63,-0.61
2024-08-23,Édouard Mendy,0.85,-3.81,0.89,0.27,0.9,4.52,0.84,4.38,0.87,-6.44,0.89,-8.57,-1.61
2024-08-23,Reece James,0.92,8.84,0.84,-9.54,0.94,8.88,0.99,-0.1,0.98,4.4,0.98,-8.69,0.63
2024-08-23,Ben Chilwell,0.89,-1.19,0.98,8.75,0.96,6.02,0.91,6.17,0.89,9.18,,,5.79
2024-08-23,César Azpilicueta,0.95,-9.87,0.87,-2.99,0.83,6.99,0.94,1.95,0.8,-0.12,0.82,-6.75,-1.8
2024-08-23,Andreas Christensen,0.99,7.0,0.89,-6.64,0.92,2.05,0.9,-3.46,0.94,1.92,0.91,1.63,0.42
2024-08-23,Marcos Alonso,0.81,2.21,0.88,9.21,0.98,3.14,0.83,-8.73,0.83,9.99,0.92,-0.97,2.48
2024-08-23,N'Golo Kanté,0.98,-4.16,0.96,-5.26,0.87,8.1,0.97,6.17,0.96,-9.32,0.95,-1.35,-0.97
2024-08-23,Jorginho,0.84,9.06,0.84,6.93,0.95,-7.52,,,0.82,2.49,0.81,-6.14,0.96
2024-08-23,Mason Mount,0.89,0.12,0.83,-5.83,,,0.81,7.98,0.92,-4.47,0.85,6.83,0.93
2024-08-23,Kai Havertz,0.89,-7.6,0.96,6.4,0.91,1.38,0.86,8.95,0.94,1.15,0.97,2.84,2.19
2024-08-23,Christian Pulisic,0.83,4.96,0.83,5.32,0.86,8.85,0.97,-1.04,0.84,-5.42,0.86,3.13,2.63
2024-08-23,Mateo Kovačić,0.8,-2.33,0.81,7.32,0.96,-1.52,0.82,-6.08,0.98,-9.87,0.86,7.47,-0.83
2024-08-23,Conor Gallagher,0.89,-4.08,0.92,-4.97,0.84,-7.49,0.89,3.17,0.81,6.31,0.97,-4.07,-1.86
2024-08-23,Timo Werner,0.99,0.68,,,0.94,-6.27,0.98,8.46,0.98,-8.74,0.88,-3.16,-1.81
2024-08-23,Olivier Giroud,0.93,-6.74,0.91,6.26,0.95,-6.69,0.95,-9.77,0.9,-3.63,0.91,3.26,-2.89
2024-08-23,Tammy Abraham,0.9,5.9,0.82,7.98,0.9,-1.7,0.84,2.73,0.81,5.99,,,4.18
2024-08-23,Armando Broja,,,0.99,-5.76,,,0.9,0.22,,,0.91,6.2,0.22
2024-08-23,Ross Barkley,0.99,-2.17,0.98,5.86,0.81,3.61,0.82,5.33,,,0.88,6.8,3.89
2024-08-23,Callum Hudson-Odoi,1.0,6.82,0.89,-9.38,0.93,-8.76,0.84,-3.57,0.82,-9.98,0.96,4.26,-3.44
2024-08-23,Emerson Palmieri,0.98,-1.0,,,0.98,3.2,0.85,-3.62,0.83,9.18,0.95,1.94,1.94
2024-08-23,Ricardo Pereira,0.92,-4.51,0.89,7.45,0.96,-9.02,0.89,1.91,0.84,-1.8,0.92,8.54,0.43
2024-08-23,João Félix,0.86,-0.33,0.96,-0.69,0.99,-3.18,0.84,3.62,0.98,-3.88,0.94,0.82,-0.61
2024-08-23,Hakim Ziyech,0.97,7.6,0.85,2.42,0.88,1.42,,,0.81,-3.27,0.86,1.99,2.03
2024-08-24,Kepa Arrizabalaga,0.95,-6.08,0.87,-9.36,,,0.82,-2.06,0.92,4.08,1.0,6.3,-1.42
2024-08-24,Édouard Mendy,0.8,-6.61,0.8,6.7,,,0.96,1.47,0.97,-6.59,0.81,-5.94,-2.19
2024-08-24,Reece James,,,0.92,8.57,0.9,8.73,0.97,-4.87,0.97,8.37,0.92,-6.25,2.91
2024-08-24,Ben Chilwell,0.96,-0.01,0.99,4.79,0.85,0.93,0.96,-7.86,,,,,-0.54
2024-08-24,César Azpilicueta,,,0.95,-6.03,0.9,3.11,0.93,4.38,0.95,-7.29,0.93,1.78,-0.81
2024-08-24,Andreas Christensen,0.92,-8.73,0.8,9.29,0.97,-1.83,,,0.95,6.78,0.98,-4.02,0.3
2024-08-24,Marcos Alonso,,,0.81,0.27,0.98,-3.87,0.84,-3.13,0.84,-8.55,0.84,9.56,-1.14
2024-08-24,N'Golo Kanté,0.81,-5.19,0.92,2.55,0.99,-2.81,0.81,-4.63,0.89,-2.72,0.84,-6.58,-3.23
2024-08-24,Jorginho,0.93,7.61,0.85,9.16,0.94,1.04,,,0.9,6.09,0.86,8.77,6.53
2024-08-24,Mason Mount,,,,,,,,,0.82,5.58,0.85,8.57,7.08
2024-08-24,Kai Havertz,0.98,8.59,0.93,-1.93,,,0.98,4.29,0.97,8.16,0.81,3.49,4.52
2024-08-24,Christian Pulisic,0.83,-5.28,0.83,-3.43,0.86,8.57,0.83,9.78,0.89,8.62,0.85,-7.29,1.83
2024-08-24,Mateo Kovačić,0.97,2.4,0.95,-8.52,1.0,3.8,0.94,-4.84,0.99,2.05,0.94,1.29,-0.64
2024-08-24,Conor Gallagher,0.91,3.8,0.85,2.08,0.99,-4.92,0.86,-4.48,,,0.9,4.12,0.12
2024-08-24,Timo Werner,0.97,-3.44,0.94,-2.84,0.91,0.64,0.94,-9.15,0.82,-2.85,0.85,-2.25,-3.31
2024-08-24,Olivier Giroud,0.97,6.62,0.87,4.37,0.85,-1.24,,,,,0.9,3.98,3.43
2024-08-24,Tammy Abraham,0.99,3.06,,,0.87,-9.72,0.92,6.99,,,,,0.11
2024-08-24,Armando Broja,,,0.82,3.16,0.89,-8.42,0.97,-6.19,0.87,-0.19,,,-2.91
2024-08-24,Ross Barkley,0.93,7.95,0.84,-2.26,0.81,7.94,,,0.99,0.62,0.99,1.93,3.24
2024-08-24,Callum Hudson-Odoi,0.95,1.72,0.82,2.82,0.98,7.32,,,0.85,0.88,0.8,5.59,3.67
2024-08-24,Emerson Palmieri,0.82,5.42,0.9,4.97,0.98,7.58,0.81,-8.88,0.8,-9.51,0.82,-9.56,-1.66
2024-08-24,Ricardo Pereira,0.98,7.97,0.89,-2.97,0.96,-2.03,0.85,-5.03,0.88,3.19,,,0.23
2024-08-24,João Félix,0.87,-6.12,0.83,-7.0,0.93,7.0,0.82,5.42,0.83,-5.08,0.94,-2.44,-1.37
2024-08-24,Hakim Ziyech,0.93,2.57,1.0,-6.97,0.97,4.02,0.92,-8.76,0.84,0.55,0.85,1.79,-1.13
2024-08-25,Kepa Arrizabalaga,0.83,-2.39,0.85,-8.53,0.85,-6.27,0.83,3.46,0.97,-0.37,0.84,-6.53,-3.44
2024-08-25,Édouard Mendy,0.9,-9.96,0.92,-4.16,0.89,2.09,0.99,-5.54,,,0.88,-1.56,-3.83
2024-08-25,Reece James,0.92,-2.09,,,1.0,5.4,0.86,-3.11,0.98,-0.71,0.85,9.23,1.74
2024-08-25,Ben Chilwell,0.93,-3.17,1.0,0.34,1.0,-8.89,0.81,0.51,,,0.81,-2.41,-2.72
2024-08-25,César Azpilicueta,1.0,-4.15,0.94,9.08,0.89,-2.39,0.88,9.87,0.89,-9.43,0.87,2.6,0.93
2024-08-25,Andreas Christensen,0.98,7.0,0.83,-4.54,0.99,-3.59,0.92,-5.53,0.9,-7.05,0.91,3.72,-1.67
2024-08-25,Marcos Alonso,0.9,-6.96,0.84,-2.33,0.94,-4.27,,,0.84,5.88,0.84,-7.28,-2.99
2024-08-25,N'Golo Kanté,0.82,-4.97,0.84,7.51,0.81,1.97,0.97,-7.41,0.91,3.65,0.83,7.89,1.44
2024-08-25,Jorginho,0.9,7.98,0.91,-2.32,0.84,-0.48,0.82,3.69,0.88,7.89,0.89,8.94,4.28
2024-08-25,Mason Mount,0.8,-5.36,,,0.9,-2.67,0.91,5.35,0.92,3.59,0.81,5.63,1.31
2024-08-25,Kai Havertz,,,0.94,3.35,0.85,-4.16,0.83,0.64,0.84,-0.78,0.85,-1.54,-0.5
2024-08-25,Christian Pulisic,0.84,0.57,0.87,-5.66,0.94,9.19,0.84,5.1,0.81,-4.31,1.0,-8.76,-0.65
2024-08-25,Mateo Kovačić,0.84,0.71,0.87,2.79,0.96,-2.94,0.8,2.77,0.95,-1.2,0.95,7.35,1.58
2024-08-25,Conor Gallagher,0.88,-2.29,,,0.92,3.18,0.96,-3.62,0.8,-5.15,0.8,8.48,0.12
2024-08-25,Timo Werner,0.8,-7.82,,,0.91,4.28,0.98,8.6,0.94,-8.15,0.86,-9.13,-2.44
2024-08-25,Olivier Giroud,0.98,8.9,0.8,2.91,,,0.9,0.59,0.9,-2.37,0.94,-7.38,0.53
2024-08-25,Tammy Abraham,0.81,-1.81,0.82,-3.74,0.85,-5.96,,,0.99,2.77,,,-2.19
2024-08-25,Armando Broja,0.83,-4.61,0.81,1.45,,,0.89,-7.79,0.96,5.14,0.83,9.32,0.7
2024-08-25,Ross Barkley,0.9,-0.5,0.9,8.5,0.86,4.24,0.87,1.11,0.92,-1.13,0.85,8.36,3.43
2024-08-25,Callum Hudson-Odoi,0.89,-3.52,0.85,-2.17,0.85,-1.25,0.99,2.69,0.9,4.94,0.94,-8.47,-1.3
2024-08-25,Emerson Palmieri,0.88,-0.09,,,0.91,6.08,0.84,9.56,0.95,-2.92,0.91,-3.34,1.86
2024-08-25,Ricardo Pereira,0.94,-9.33,,,0.94,-3.99,0.84,1.15,0.99,-8.13,0.85,-5.4,-5.14
2024-08-25,João Félix,0.94,-6.85,0.92,-5.95,0.85,2.32,0.91,-1.47,0.91,7.69,0.85,1.71,-0.42
2024-08-25,Hakim Ziyech,0.9,2.68,0.88,6.54,0.84,-9.68,,,0.93,-6.28,0.87,-1.3,-1.61
2024-08-26,Kepa Arrizabalaga,0.87,-9.61,0.88,6.68,0.96,-9.36,0.89,2.69,0.93,9.16,0.87,-4.12,-0.76
2024-08-26,Édouard Mendy,0.93,-4.73,0.97,6.56,0.86,-3.75,0.96,-3.22,0.87,-1.74,0.81,-5.88,-2.13
2024-08-26,Reece James,0.98,-2.53,0.94,-7.7,0.93,-6.76,0.83,-9.41,,,,,-6.6
2024-08-26,Ben Chilwell,0.98,0.4,0.86,6.58,,,0.95,-9.0,0.98,0.22,0.99,5.95,0.83
2024-08-26,César Azpilicueta,0.96,9.38,0.85,2.21,0.97,3.86,0.85,-8.65,0.92,7.88,0.91,0.84,2.59
2024-08-26,Andreas Christensen,0.81,4.58,1.0,-5.93,0.93,2.47,,,0.91,5.61,0.91,-6.54,0.04
2024-08-26,Marcos Alonso,0.92,-4.93,0.82,-2.63,0.8,-1.01,0.89,4.38,0.94,-8.09,0.83,-3.69,-2.66
2024-08-26,N'Golo Kanté,1.0,3.04,0.97,-4.06,0.83,7.94,0.86,6.98,0.89,-0.82,0.95,7.18,3.38
2024-08-26,Jorginho,,,0.89,-7.8,0.94,2.19,0.81,-2.82,,,0.82,2.99,-1.36
2024-08-26,Mason Mount,1.0,-4.2,1.0,5.19,0.82,-1.22,0.84,-7.64,0.98,-4.0,0.83,5.31,-1.09
2024-08-26,Kai Havertz,,,,,0.83,3.24,0.96,-2.57,0.9,4.68,0.81,3.39,2.19
2024-08-26,Christian Pulisic,0.89,6.82,0.98,-7.4,0.81,-8.17,0.8,-5.13,0.82,9.68,0.81,-2.38,-1.1
2024-08-26,Mateo Kovačić,0.97,-0.21,,,,,0.98,-6.37,,,0.86,-0.08,-2.22
2024-08-26,Conor Gallagher,0.85,-3.06,0.82,5.14,0.95,-0.74,0.99,-3.03,0.87,-1.06,0.87,-1.21,-0.66
2024-08-26,Timo Werner,0.82,-9.88,1.0,-3.15,0.95,-8.94,0.97,-0.51,0.92,-0.29,0.85,5.37,-2.9
2024-08-26,Olivier Giroud,0.89,2.04,0.81,-1.13,0.99,2.27,,,0.88,-8.61,0.85,-2.83,-1.65
2024-08-26,Tammy Abraham,0.88,-7.04,0.85,-4.16,0.99,7.27,0.9,0.77,0.81,-1.36,0.8,-1.68,-1.03
2024-08-26,Armando Broja,0.85,-5.12,1.0,-8.32,0.93,0.69,0.9,-3.64,0.81,-3.25,,,-3.93
2024-08-26,Ross Barkley,0.92,5.63,0.89,-3.83,0.99,0.42,0.82,7.76,0.91,-9.72,0.87,2.41,0.44
2024-08-26,Callum Hudson-Odoi,,,0.93,-0.55,0.92,9.0,0.84,9.42,0.86,4.21,,,5.52
2024-08-26,Emerson Palmieri,0.88,0.08,,,0.87,-5.82,0.84,-7.95,0.92,8.33,0.98,-2.55,-1.58
2024-08-26,Ricardo Pereira,0.88,-1.22,0.86,7.95,0.9,-9.07,0.96,-4.68,,,0.89,4.2,-0.56
2024-08-26,João Félix,0.85,-0.08,0.83,3.86,0.91,-8.42,0.84,-0.9,0.97,-6.59,0.98,-9.56,-3.62
2024-08-26,Hakim Ziyech,,,0.98,-3.45,0.93,6.98,0.95,0.82,0.83,6.57,0.84,-4.29,1.33
2024-08-27,Kepa Arrizabalaga,0.84,-8.43,0.87,-6.19,0.92,-6.02,0.9,4.05,0.93,8.16,1.0,-7.92,-2.73
2024-08-27,Édouard Mendy,0.81,-6.27,0.97,2.4,0.88,4.78,0.86,4.11,0.86,3.25,1.0,-6.89,0.23
2024-08-27,Reece James,1.0,-0.02,0.87,4.09,0.83,-9.77,0.92,-8.36,0.99,5.63,,,-1.69
2024-08-27,Ben Chilwell,0.85,0.54,0.89,1.82,,,0.9,-1.88,0.89,-2.76,0.88,2.11,-0.03
2024-08-27,César Azpilicueta,0.86,9.13,0.92,0.39,0.83,1.41,0.8,-9.41,0.86,-5.32,0.82,5.31,0.25
2024-08-27,Andreas Christensen,0.93,4.33,0.8,-0.48,0.83,1.85,0.88,6.01,0.86,2.07,0.84,6.61,3.4
2024-08-27,Marcos Alonso,0.93,8.77,0.95,4.54,,,0.87,-4.96,0.96,10.0,0.96,8.08,5.29
2024-08-27,N'Golo Kanté,0.88,9.27,0.98,4.18,0.92,-1.39,0.85,2.18,0.96,2.3,,,3.31
2024-08-27,Jorginho,0.83,-0.52,,,0.92,8.48,0.99,5.98,0.84,4.54,0.96,-5.9,2.52
2024-08-27,Mason Mount,0.83,6.61,0.91,-6.35,1.0,-7.8,,,0.9,-4.79,0.94,4.3,-1.61
2024-08-27,Kai Havertz,0.9,1.13,,,0.87,0.32,0.91,-4.55,0.86,5.2,,,0.53
2024-08-27,Christian Pulisic,0.95,-0.79,0.96,1.0,0.81,-2.59,0.83,1.93,0.95,-8.26,0.87,8.68,-0.01
2024-08-27,Mateo Kovačić,0.95,-4.21,0.88,-7.59,0.94,0.93,0.95,-4.02,0.85,-6.1,0.87,-1.38,-3.73
2024-08-27,Conor Gallagher,0.82,6.94,0.85,8.67,1.0,-5.31,0.97,-7.27,0.87,2.12,0.87,5.15,1.72
2024-08-27,Timo Werner,0.95,7.58,0.84,5.04,0.83,-9.54,0.85,-8.72,0.92,-9.52,0.89,-1.99,-2.86
2024-08-27,Olivier Giroud,0.85,3.43,0.9,-5.34,0.98,9.17,0.87,9.53,0.82,-6.75,0.93,-5.58,0.74
2024-08-27,Tammy Abraham,0.97,1.43,,,0.91,0.29,0.97,9.22,0.88,6.38,0.94,-0.07,3.45
2024-08-27,Armando Broja,0.93,-5.63,0.9,8.65,,,0.92,-4.95,0.94,-8.99,0.87,-8.97,-3.98
2024-08-27,Ross Barkley,0.88,-1.71,0.99,1.73,0.88,4.99,0.97,7.15,0.84,6.86,,,3.8
2024-08-27,Callum Hudson-Odoi,0.91,4.06,0.95,-4.07,0.98,2.84,0.83,6.03,0.8,4.16,0.87,-1.63,1.9
2024-08-27,Emerson Palmieri,0.84,-6.37,0.9,-3.77,0.82,5.16,0.91,-8.4,0.97,2.65,0.85,-3.37,-2.35
2024-08-27,Ricardo Pereira,0.82,-5.82,,,0.9,-8.92,0.91,6.81,0.84,9.5,0.84,2.5,0.81
2024-08-27,João Félix,0.88,-3.4,0.98,-5.41,0.83,-4.26,,,0.83,-9.86,,,-5.73
2024-08-27,Hakim Ziyech,0.87,9.16,0.97,0.4,0.95,8.07,0.82,7.86,0.82,-0.97,0.93,1.72,4.37
2024-08-28,Kepa Arrizabalaga,0.85,6.14,0.91,-8.3,0.92,4.03,0.82,6.33,,,0.86,-6.01,0.44
2024-08-28,Édouard Mendy,0.87,-7.14,0.85,3.15,0.85,4.97,,,0.85,-5.23,0.88,6.86,0.52
2024-08-28,Reece James,0.95,-6.88,0.88,1.38,0.8,5.15,0.89,5.36,0.93,-4.87,0.94,-7.61,-1.24
2024-08-28,Ben Chilwell,0.98,-0.38,0.9,6.53,0.98,3.05,0.86,-4.85,0.95,-1.97,,,0.48
2024-08-28,César Azpilicueta,,,0.95,-7.12,0.82,-0.22,0.82,-1.58,0.97,7.74,0.88,-3.17,-0.87
2024-08-28,Andreas Christensen,,,0.9,4.05,0.84,-4.68,1.0,3.23,0.97,-8.09,,,-1.37
2024-08-28,Marcos Alonso,0.98,-4.95,0.94,-0.34,0.96,6.01,0.98,-7.93,0.93,-0.28,0.86,5.64,-0.31
2024-08-28,N'Golo Kanté,0.99,0.26,0.83,7.08,,,0.8,9.79,0.9,-1.69,0.83,-1.58,2.77
2024-08-28,Jorginho,0.88,-6.71,,,0.96,8.55,0.82,5.2,0.82,-3.83,,,0.8
2024-08-28,Mason Mount,0.89,4.85,0.86,-3.99,,,,,0.9,-0.18,,,0.23
2024-08-28,Kai Havertz,,,0.95,-9.25,,,1.0,0.68,0.9,9.11,0.88,-3.72,-0.8
2024-08-28,Christian Pulisic,0.96,8.61,0.94,5.7,0.87,0.89,0.94,-6.1,0.89,-0.8,0.97,-1.56,1.12
2024-08-28,Mateo Kovačić,0.9,4.71,0.88,-4.69,0.85,-4.62,0.88,9.38,0.96,-5.42,0.91,-1.67,-0.38
2024-08-28,Conor Gallagher,0.89,2.05,0.84,1.33,0.93,-6.82,0.91,-9.37,0.92,5.61,0.89,-7.8,-2.5
2024-08-28,Timo Werner,1.0,-7.07,0.99,9.39,0.9,-5.27,0.89,0.95,0.94,-8.97,0.96,9.42,-0.26
2024-08-28,Olivier Giroud,0.97,-9.52,0.9,-5.24,0.92,-5.49,0.98,-0.05,0.9,0.17,0.91,0.41,-3.29
2024-08-28,Tammy Abraham,0.87,1.66,0.91,7.08,0.92,-7.62,0.98,-9.41,0.86,8.75,0.92,8.67,1.52
2024-08-28,Armando Broja,0.85,-5.62,0.85,1.97,0.81,-9.61,0.84,2.43,0.93,0.76,0.88,-9.99,-3.34
2024-08-28,Ross Barkley,0.93,-1.47,0.88,1.66,0.95,-9.53,,,0.8,-9.33,0.91,2.41,-3.25
2024-08-28,Callum Hudson-Odoi,0.98,6.64,0.99,-3.76,0.86,0.26,0.86,5.11,1.0,2.12,,,2.07
2024-08-28,Emerson Palmieri,0.83,-8.54,0.98,-3.72,0.98,8.85,0.86,9.64,0.93,0.33,0.96,9.89,2.74
2024-08-28,Ricardo Pereira,0.95,3.03,0.92,0.24,0.84,7.48,0.95,-1.54,0.94,8.1,,,3.46
2024-08-28,João Félix,0.93,6.71,0.95,7.6,0.97,-0.37,0.9,3.1,0.92,-9.84,0.94,-8.23,-0.17
2024-08-28,Hakim Ziyech,0.84,8.97,0.88,-3.26,0.93,-3.02,0.95,8.49,0.81,8.07,,,3.85
2024-08-29,Kepa Arrizabalaga,0.85,-4.82,0.82,8.05,0.91,-9.15,0.9,1.49,0.92,-0.09,0.94,-7.11,-1.94
2024-08-29,Édouard Mendy,0.93,0.95,0.82,-9.44,,,0.91,9.27,0.91,-3.66,0.93,3.28,0.08
2024-08-29,Reece James,0.95,-6.26,0.95,-1.52,0.96,-5.65,0.91,-9.9,0.84,-8.94,0.85,-5.24,-6.25
2024-08-29,Ben Chilwell,0.81,-3.29,,,0.91,-9.65,0.91,2.02,0.95,-7.75,,,-4.67
2024-08-29,César Azpilicueta,0.98,-1.09,0.87,-4.93,0.86,3.15,0.98,-9.34,0.85,2.03,0.83,-0.62,-1.8
2024-08-29,Andreas Christensen,0.9,3.52,0.97,-7.41,0.95,5.17,0.89,7.71,0.89,3.28,0.81,0.75,2.17
2024-08-29,Marcos Alonso,0.81,-2.11,0.96,-7.97,0.99,9.06,0.93,-7.68,1.0,6.18,0.89,2.35,-0.03
2024-08-29,N'Golo Kanté,0.86,9.7,,,0.86,-7.98,,,0.86,3.25,0.99,1.93,1.72
2024-08-29,Jorginho,0.85,-7.34,,,0.87,5.8,0.97,-0.37,0.91,-1.03,,,-0.73
2024-08-29,Mason Mount,1.0,-9.49,0.83,-5.57,1.0,9.28,0.85,-2.76,0.81,-1.37,0.88,9.07,-0.14
2024-08-29,Kai Havertz,0.98,-9.76,0.87,-9.38,0.83,1.07,0.98,-3.09,0.97,-0.63,0.96,-7.23,-4.84
2024-08-29,Christian Pulisic,0.98,-6.43,0.91,-7.54,0.86,5.25,0.92,6.54,0.94,7.15,0.83,4.46,1.57
2024-08-29,Mateo Kovačić,0.8,8.65,0.88,-1.61,0.94,-7.09,0.93,-1.28,0.92,-9.37,0.92,0.94,-1.63
2024-08-29,Conor Gallagher,0.99,-5.09,0.82,2.1,0.98,-5.53,0.82,3.03,0.97,-9.96,0.96,-5.51,-3.49
2024-08-29,Timo Werner,0.83,-7.88,,,0.82,-5.08,0.89,3.32,0.84,-1.42,,,-2.77
2024-08-29,Olivier Giroud,0.88,7.8,0.91,-1.38,0.98,-5.04,0.92,-2.93,0.89,2.14,0.91,-1.29,-0.12
2024-08-29,Tammy Abraham,0.86,-0.81,0.97,-4.45,0.93,-4.88,0.84,-3.89,0.88,0.59,0.89,-5.41,-3.14
2024-08-29,Armando Broja,0.91,-4.78,0.85,5.07,0.82,-2.09,0.81,-3.87,0.92,7.95,0.93,4.55,1.14
2024-08-29,Ross Barkley,0.92,-4.35,0.84,7.83,0.91,2.22,0.99,8.69,0.82,-0.59,0.96,8.88,3.78
2024-08-29,Callum Hudson-Odoi,0.95,-1.5,0.9,6.02,0.93,-3.69,0.89,-3.32,0.96,-8.35,0.94,5.23,-0.93
2024-08-29,Emerson Palmieri,0.87,0.77,0.94,0.3,0.88,2.89,0.88,-7.48,0.94,3.79,0.95,7.09,1.23
2024-08-29,Ricardo Pereira,,,0.84,3.72,0.98,7.86,0.86,-4.33,0.84,-7.45,0.94,9.65,1.89
2024-08-29,João Félix,0.91,2.63,0.85,6.55,,,,,0.81,9.93,0.94,-9.2,2.48
2024-08-29,Hakim Ziyech,0.96,-1.09,0.8,-0.33,0.85,-2.53,1.0,-6.31,0.92,5.94,0.98,-2.0,-1.05
2024-08-30,Kepa Arrizabalaga,,,0.81,-0.32,0.97,-5.79,0.86,-5.22,0.83,5.35,0.81,5.04,-0.19
2024-08-30,Édouard Mendy,0.9,-0.77,0.81,-2.05,0.84,-0.46,0.85,2.3,0.89,-7.66,0.93,6.18,-0.41
2024-08-30,Reece James,0.81,6.48,0.86,0.34,0.86,8.7,,,0.98,-0.12,0.82,2.13,3.51
2024-08-30,Ben Chilwell,0.93,-0.74,1.0,3.94,0.97,7.12,0.87,8.36,0.88,3.7,0.89,-2.11,3.38
2024-08-30,César Azpilicueta,0.88,5.75,0.97,1.81,0.97,3.0,0.99,-0.05,0.85,5.18,0.88,-7.31,1.4
2024-08-30,Andreas Christensen,0.94,1.85,0.93,0.06,0.83,-0.63,0.86,3.3,0.89,-8.59,0.84,-3.27,-1.21
2024-08-30,Marcos Alonso,,,0.81,8.75,0.8,-8.28,,,0.98,9.97,0.9,-2.92,1.88
2024-08-30,N'Golo Kanté,,,0.99,3.81,0.99,1.09,0.88,-3.16,0.88,-2.08,,,-0.09
2024-08-30,Jorginho,0.96,-8.98,0.85,-8.86,0.83,-8.82,0.94,-3.39,,,0.97,-4.31,-6.87
2024-08-30,Mason Mount,0.98,-9.08,0.86,1.42,0.81,-6.35,0.96,9.18,0.84,-5.61,0.91,0.85,-1.6
2024-08-30,Kai Havertz,0.82,8.63,0.97,-8.18,0.85,-5.43,0.91,1.79,0.92,-6.32,0.82,0.22,-1.55
2024-08-30,Christian Pulisic,0.8,-7.63,0.84,-0.64,0.83,-8.69,0.93,8.59,0.86,8.75,0.81,-3.56,-0.53
2024-08-30,Mateo Kovačić,0.82,-7.43,,,0.8,8.11,0.9,-10.0,0.84,8.66,0.8,5.72,1.01
2024-08-30,Conor Gallagher,0.89,-1.67,0.98,-7.47,0.81,7.8,0.96,-7.79,0.94,4.12,0.99,1.99,-0.5
2024-08-30,Timo Werner,0.88,-3.95,0.81,-2.61,0.84,-5.52,0.86,8.58,0.81,3.72,0.87,9.58,1.63
2024-08-30,Olivier Giroud,0.91,-7.95,,,0.92,7.26,0.83,-5.49,0.93,4.22,0.82,-5.85,-1.56
2024-08-30,Tammy Abraham,0.93,1.19,0.92,-8.92,1.0,6.09,0.93,-3.05,0.95,2.78,,,-0.38
2024-08-30,Armando Broja,0.83,4.59,0.97,5.17,0.92,3.53,0.89,-1.82,0.95,-8.66,0.88,-2.24,0.09
2024-08-30,Ross Barkley,0.93,3.52,0.96,-5.52,0.87,7.57,,,0.89,-8.8,,,-0.81
2024-08-30,Callum Hudson-Odoi,,,1.0,-4.25,0.85,-9.35,0.96,-1.72,0.88,-6.58,0.95,5.52,-3.28
2024-08-30,Emerson Palmieri,0.88,3.99,0.83,-8.09,0.89,2.89,0.99,1.45,0.94,-6.84,0.94,-7.97,-2.43
2024-08-30,Ricardo Pereira,0.95,-4.34,0.99,7.93,,,,,0.94,-1.77,,,0.61
2024-08-30,João Félix,0.95,-5.2,,,0.88,5.63,0.87,1.91,0.93,-1.6,0.99,3.33,0.81
2024-08-30,Hakim Ziyech,0.87,9.64,0.81,6.16,0.81,2.43,0.99,-8.25,0.89,-2.22,0.82,-6.34,0.24
2024-08-31,Kepa Arrizabalaga,0.85,6.81,0.98,3.72,0.91,2.36,0.97,-9.93,0.92,-8.33,0.92,7.33,0.33
2024-08-31,Édouard Mendy,0.91,-4.05,1.0,7.76,,,0.88,-3.24,0.94,-8.61,0.87,6.53,-0.32
2024-08-31,Reece James,,,0.85,-8.71,0.94,8.49,0.91,-8.06,0.92,1.37,0.98,9.93,0.6
2024-08-31,Ben Chilwell,0.9,-1.44,0.83,-1.61,0.88,5.43,0.89,-1.82,1.0,-0.71,0.97,-0.83,-0.16
2024-08-31,César Azpilicueta,0.95,-4.5,0.81,-3.73,0.88,4.58,0.91,2.7,0.93,3.15,0.84,6.31,1.42
2024-08-31,Andreas Christensen,1.0,-3.89,0.9,-6.73,0.82,-0.48,0.98,-0.15,0.98,-9.98,1.0,8.08,-2.19
2024-08-31,Marcos Alonso,0.88,3.37,0.86,-1.64,0.98,-9.35,0.8,8.02,0.94,1.96,,,0.47
2024-08-31,N'Golo Kanté,0.85,-3.85,0.98,3.07,0.96,8.72,0.99,5.7,0.83,3.97,0.85,0.6,3.04
2024-08-31,Jorginho,0.95,-9.08,0.88,6.43,0.84,-7.44,0.9,-6.65,0.99,6.93,0.97,-6.13,-2.66
2024-08-31,Mason Mount,0.93,7.41,0.93,-1.57,0.97,-0.08,0.93,8.47,0.85,0.88,0.85,3.61,3.12
2024-08-31,Kai Havertz,0.99,-1.44,0.92,9.16,0.91,6.25,0.81,8.21,0.95,-7.97,0.97,-2.5,1.95
2024-08-31,Christian Pulisic,0.96,5.41,0.83,-8.36,0.96,9.75,0.8,5.77,0.82,-6.38,0.84,-1.04,0.86
2024-08-31,Mateo Kovačić,0.94,-7.64,0.9,3.7,0.83,-0.36,0.94,9.94,,,0.86,-7.16,-0.3
2024-08-31,Conor Gallagher,,,0.9,3.4,0.88,1.76,0.89,-0.11,0.82,0.37,,,1.35
2024-08-31,Timo Werner,0.96,-4.86,0.8,5.75,0.9,-8.97,0.95,-0.91,0.86,-8.46,0.99,3.57,-2.31
2024-08-31,Olivier Giroud,0.94,8.0,0.86,4.55,0.92,0.95,,,,,0.9,-6.78,1.68
2024-08-31,Tammy Abraham,0.81,-6.65,0.88,9.39,0.93,8.68,0.84,6.77,1.0,1.47,0.96,-8.57,1.85
2024-08-31,Armando Broja,0.89,-0.97,0.98,9.97,0.89,1.97,0.97,8.0,0.99,1.67,0.81,-7.51,2.19
2024-08-31,Ross Barkley,0.94,-1.84,0.97,-7.05,0.93,-2.09,0.84,7.39,0.9,8.17,0.86,-9.07,-0.75
2024-08-31,Callum Hudson-Odoi,0.88,5.82,0.81,-4.3,,,0.94,3.9,0.83,-7.21,0.99,7.42,1.13
2024-08-31,Emerson Palmieri,0.9,-4.49,0.98,5.96,0.8,-4.63,0.92,-5.19,0.84,-2.75,0.9,1.87,-1.54
2024-08-31,Ricardo Pereira,0.86,5.45,0.84,9.6,0.93,-5.62,0.84,6.45,0.97,0.51,0.85,7.04,3.9
2024-08-31,João Félix,0.96,7.97,0.94,-9.79,0.97,-1.65,0.87,-8.13,0.91,3.61,0.85,4.28,-0.62
2024-08-31,Hakim Ziyech,0.83,8.96,0.95,-4.06,0.93,6.77,,,0.9,-0.63,0.81,-9.67,0.27
